年,月,日,星期,时间,商品全名,价格,店铺,品牌,商品编号,商品名称,商品毛重,商品产地,屏幕色域,屏幕尺寸,屏幕刷新率,厚度,颜色,机身材质,特性,系列,类型,系统,显卡型号,显卡类型,显卡芯片供应商,处理器,内存容量,固态硬盘（SSD）,机械硬盘,待机时长,,,型号,产品净重（kg）,产品尺寸,CPU型号,CPU类型,CPU集成显卡,核心数,线程数,处理器加速频率,处理器基准频率,显存容量,显存类型,显存位宽,内存频率,内存类型,屏幕分辨率,屏幕尺寸,屏幕类型,显示比例,显示端口,音频接口,电源适配器,电池容量,理论续航时间,好评率,中评率,差评率,好评数,中评数,差评数,标签,标签,标签,标签,标签,标签,标签,标签,标签,标签,标签,标签
2022,08,29,Monday,10:19,戴尔(DELL) 笔记本电脑 游匣G15 15.6英寸游戏本(新12代i7-12700H 16G 512G RTX3060 165Hz)耀夜黑,8499.00,戴尔京东自营官方旗舰店,戴尔（DELL）,100032768490,戴尔G15 5520,4.0kg,中国大陆,,15.0-15.9英寸,165Hz,20.0mm以上,,,,戴尔-游匣G系列,游戏笔记本,Windows 11 带Office,RTX 3060,高性能游戏独立显卡,NVIDIA,intel i7,16GB,512GB,无机械硬盘,,,,G15 5520-R1766B,2.672,长357.26mm；宽272.11mm；高26.9mm,i7-12700H,第12代酷睿i7处理器,,14核,20线程,4.7GHz,,6GB,GDDR6,192bit,4800Mhz,DDR5,1920*1080,15.6英寸,WVA,宽屏16：9,HDMI接口,,,86Wh,"2-5小时, 具体时间视使用环境而定",0.94,0.019,0.041,4600,90,100,运行速快,十分大气,游戏性能强,大气稳重,散热超快,简洁大方,质量上乘,功能强大,辨识度高,倍感舒适,方便快捷,
2022,08,29,Monday,10:19,ROG魔霸6 Plus 17.3英寸 2.5K 240Hz P3广色域游戏本笔记本电脑 (R9-6900HX 16G 1TB RTX3070Ti 150W满血),11969.00,玩家国度ROG京东自营官方旗舰店,ROG,100035790518,ROG魔霸6 Plus,5.05kg,中国大陆,DCI-P3,17.3英寸,240Hz,20.0mm以上,灰色,,,华硕-ROG玩家国度,高端游戏笔记本,Windows 11,RTX 3070Ti,高性能游戏独立显卡,NVIDIA,AMD R9,16GB,1TB,无机械硬盘,,,,魔霸6 Plus,2.9,长395mm；宽282mm；高28mm,,AMD R9,,八核,16线程,4.9GHz,3.3GHz,8GB,GDDR6,256bit,4800Mhz,DDR5,2560*1440,17.3英寸,IPS,宽屏16：9,HDMI接口,耳机、麦克风二合一接口 3.5mm,,90Wh,,0.94,0.015,0.045,800,10,30,十分酷炫,十分大气,流畅度佳,纯正艳丽,运行快速,功能强大,方便快捷,质量上乘,倍感舒适,运行安静,柔软顺滑,
2022,08,29,Monday,10:19,宏碁2022款 新暗影骑士龙 15.6英寸游戏笔记本电脑(锐龙R7-6800H 16G DDR5 512G 满血RTX3060独显直连 165Hz),7499.00,宏碁京东自营旗舰店,宏碁（acer）,100023009339,宏碁暗影骑士龙,4.3kg,中国大陆,100%sRGB,15.0-15.9英寸,165Hz,20.0mm以上,黑色,复合材质,,宏碁-暗影骑士,游戏笔记本,Windows 11 带Office,RTX 3060,高性能游戏独立显卡,NVIDIA,AMD R7,16GB,512GB,无机械硬盘,小于5小时,,,N22C1-AN515,2.5,长360mm；宽271mm；高26mm,R7-6800H,AMD R7,,八核,16线程,4.7GHz,3.2GHz,6GB,GDDR6,,4800Mhz,DDR5,1920*1080,15.6英寸,IPS,宽屏16：9,HDMI接口,耳机、麦克风二合一接口 3.5mm,100-240V自适应交流电源适配器,57.5Wh,"2-5小时, 具体时间视使用环境而定",0.99,0.01,0.0,400,1,0,反应灵敏,流畅度佳,十分大气,质量上乘,十分酷炫,网速极佳,做工一流,柔软顺滑,十分流畅,稳定性佳,按键顺滑,
2022,08,29,Monday,10:19,联想（Lenovo） 拯救者R9000P 新锐龙 16英寸 2.5K电竞全面屏游戏笔记本电脑 R7-5800H 16G 512G RTX3060,8499.00,联想京东自营官方旗舰店,联想（Lenovo）,10038985247360,联想（Lenovo）Lenovo Legion R9000P2021,4.4kg,,,16.0-16.9英寸,165Hz,20.0mm以上,,,,联想 - 拯救者,高端游戏笔记本,Windows 11,RTX 3060,发烧级游戏光线追踪显卡,NVIDIA,AMD R7,16GB,512GB,无机械硬盘,,,,拯救者R9000P,2.58,长360mm；宽264mm；高26.9mm,R7-5800H,AMD R7,,八核,16线程,4.4GHz,3.2GHz,6GB,GDDR6,,,,2560*1600,16英寸,,宽屏16：10,,,,80Wh,,0.95,0.018,0.032,5200,100,100,运行稳定,十分大气,游戏性能强,十分酷炫,质量上乘,做工一流,倍感舒适,手感一流,方便快捷,省力便捷,按键舒服,
2022,08,29,Monday,10:19,惠普(HP)暗影精灵8Pro 16.1英寸游戏笔记本电脑(12代酷睿i7-12700H RTX3060 6G 16GDDR5 512G 2.5K 165Hz),8699.00,惠普（HP）OMEN暗影精灵京东自营旗舰店,惠普（HP）,100021389129,惠普16-k0009TX,4.12kg,中国大陆,100%sRGB,16.0-16.9英寸,165Hz,20.0mm以上,黑色,金属+复合材质,,惠普-暗影精灵,游戏笔记本,Windows 11,RTX 3060,高性能游戏独立显卡,NVIDIA,intel i7,16GB,512GB,无机械硬盘,,,,16-k0009TX,2.4kg,长369mm；宽248mm；高23mm,i7-12700H,第12代酷睿i7处理器,,14核,20线程,4.7GHz,2.3GHz,6GB,GDDR6,192bit,4800Mhz,,2560*1440,16.1英寸,IPS,宽屏16：9,Type-C；HDMI接口,,,83Wh,,0.9,0.055,0.045,500,20,20,散热超快,运行速快,沉稳大气,反应灵敏,时尚大气,十分大气,十分流畅,手感一流,功能强大,功率够大,扩展性强,
2022,08,29,Monday,10:19,联想拯救者Y9000P 2022 英特尔酷睿i7 16英寸游戏笔记本电脑(12代i7-12700H 16G 512G RTX3060 2.5k 电竞屏),9699.00,联想京东自营旗舰店,联想（Lenovo）,100019125569,联想拯救者Y9000P,4.55kg,中国大陆,100%sRGB,16.0-16.9英寸,165Hz,20.0mm以上,灰色,,,联想 - 拯救者,游戏笔记本,Windows 11,RTX 3060,高性能游戏独立显卡,NVIDIA,intel i7,16GB,512GB,无机械硬盘,,,,拯救者Y9000P,约2.53,长359.9mm；宽264.4mm；高26.4mm,i7-12700H,第12代酷睿i7处理器,,14核,20线程,,,6GB,GDDR6,,,,2560*1600,16英寸,广视角,宽屏16：10,Thunderbolt（雷电）,耳机、麦克风二合一接口 3.5mm,,80WhWh,,0.95,0.017,0.033,10000,100,300,运行速快,十分大气,散热超快,简洁大方,做工一流,游戏性能强,质量上乘,倍感舒适,亮度均匀,操作方便,方便快捷,
2022,08,29,Monday,10:19,惠普(HP)暗影精灵8Pro 16.1英寸游戏笔记本电脑(12代酷睿i7-12700H RTX3060 6G独显 16GDDR5 512G 144Hz),8099.00,惠普（HP）OMEN暗影精灵京东自营旗舰店,惠普（HP）,100021389125,惠普16-k0008TX,4.15kg,中国大陆,100%sRGB,16.0-16.9英寸,144Hz,20.0mm以上,黑色,金属+复合材质,,惠普-暗影精灵,游戏笔记本,Windows 11,RTX 3060,高性能游戏独立显卡,NVIDIA,intel i7,16GB,512GB,无机械硬盘,,,,16-k0008TX,2.4kg,长369mm；宽248mm；高23mm,i7-12700H,第12代酷睿i7处理器,,14核,20线程,4.7GHz,2.3GHz,6GB,GDDR6,192bit,4800Mhz,,1920*1080,16.1英寸,IPS,宽屏16：9,Type-C；HDMI接口,,,83Wh,,0.94,0.044,0.016,1300,50,20,十分流畅,简洁大方,十分大气,倍感舒适,流畅度佳,低调奢华,质量上乘,手感一流,运行安静,方便快捷,不易粘指纹,
2022,08,29,Monday,10:19,外星人ALIENWARE m17 R5 17.3英寸高端游戏本 R7-6800H 16G 512G RTX3060 165Hz 高刷屏轻薄笔记本电脑1261B,14469.00,外星人京东自营旗舰店,外星人（Alienware）,100022050593,外星人ALWM17-R1261B,5.85kg,中国大陆,,17.3英寸,165Hz,20.0mm以上,黑色,,,戴尔-外星人,高端游戏笔记本,Windows 11 带Office,RTX 3060,高性能游戏独立显卡,NVIDIA,AMD R7,16GB,512GB,无机械硬盘,,,,ALWM17-R1261B,3.3,长397.3mm；宽298.71mm；高26.7mm,R7-6800H,AMD R7,,八核,16线程,4.7GHz,,6GB,GDDR6,192bit,4800Mhz,DDR5,1920*1080,17.3英寸,WVA,宽屏16：9,HDMI接口,,,86Wh,,1.0,0.0,0.0,40,0,0,十分流畅,系统充足,十分大气,十分酷炫,运行快速,,,,,,,
2022,08,29,Monday,10:20,戴尔(DELL) 笔记本电脑 游匣G16 16英寸2.5K游戏本(12代i7-12700H 16G 512G  3060独显直连 165Hz RGB键盘),9299.00,戴尔京东自营官方旗舰店,戴尔（DELL）,100029347965,戴尔G16 7620,4.11kg,中国大陆,,16.0-16.9英寸,165Hz,20.0mm以上,,,,戴尔-游匣G系列,游戏笔记本,Windows 11 带Office,RTX 3060,高性能游戏独立显卡,NVIDIA,intel i7,16GB,512GB,无机械硬盘,,,,G16 7620-R1866B,2.63,长357.26mm；宽272.11mm；高26.9mm,i7-12700H,第12代酷睿i7处理器,,14核,20线程,,,6GB,GDDR6,192bit,4800Mhz,DDR5,2560*1600,16英寸,WVA,宽屏16：10,HDMI接口；Type-C,,,86Wh,"2-5小时, 具体时间视使用环境而定",0.97,0.023,0.007,200,4,2,十分大气,流畅度佳,做工一流,反应灵敏,纯正艳丽,散热超快,质量上乘,运行超快,手感一流,,,
2022,08,29,Monday,10:20,雷神(ThundeRobot)911Air星战2022 15.6英寸游戏笔记本电脑12代14核i7-12700H 16G 512G RTX3050 144Hz 72%,6499.00,雷神京东自营官方旗舰店,雷神（ThundeRobot）,100018275005,雷神911Air星战,3.58kg,中国大陆,72%NTSC,15.0-15.9英寸,144Hz,20.0mm以上,银色,金属+复合材质,,雷神911,游戏笔记本,Windows 11 不带Office,RTX 3050,高性能游戏独立显卡,NVIDIA,intel i7,16GB,512GB,无机械硬盘,5-7小时,,,911,1.99,,i7-12700H,第12代酷睿i7处理器,,14核,20线程,4.7GHz,,4GB,GDDR6,128bit,3200MHz,,1920*1080,15.6英寸,IPS,宽屏16：9,HDMI接口,,100-240V自适应交流电源适配器,51.85Wh,"2-5小时, 具体时间视使用环境而定",0.98,0.003,0.017,1500,6,10,运行稳定,十分大气,十分流畅,霸气侧漏,简洁大方,散热超快,方便快捷,简单方便,质量上乘,运行安静,手感一流,
2022,08,29,Monday,10:20,华硕天选2 15.6英寸游戏笔记本电脑(新锐龙 7nm 8核R7-5800H 16G 512G RTX3060 144Hz 100%sRGB高色域)青,6599.00,华硕京东自营官方旗舰店,华硕（ASUS）,100029471117,华硕天选,4.1kg,中国大陆,100%sRGB,15.0-15.9英寸,144Hz,20.0mm以上,,,,华硕-天选,游戏笔记本,Windows 11,RTX 3060,发烧级游戏光线追踪显卡,NVIDIA,AMD R7,16GB,512GB,无机械硬盘,,,,天选2,约2.23,,R7-5800H,AMD R7,AMD集成显卡,八核,16线程,4.4GHz,3.2GHz,6GB,GDDR6,192bit,3200MHz,,1920*1080,15.6英寸,IPS,宽屏16：9,HDMI接口,,,90Wh,"2-5小时, 具体时间视使用环境而定",0.92,0.053,0.027,200,10,6,质量上乘,十分流畅,手感一流,稳定性佳,颜色别致,颜值颇高,运行超快,,,,,
2022,08,29,Monday,10:20,惠普(HP)暗影精灵8Pro 16.1英寸游戏笔记本电脑(12代酷睿i5-12500H RTX3050Ti 4G独显 16G 512GSSD),6599.00,惠普（HP）OMEN暗影精灵京东自营旗舰店,惠普（HP）,100039346824,惠普16-k0001TX,3.92kg,中国大陆,100%sRGB,16.0-16.9英寸,60Hz,20.0mm以上,,金属+复合材质,,惠普-暗影精灵,游戏笔记本,Windows 11,RTX 3050Ti,高性能游戏独立显卡,NVIDIA,intel i5,16GB,512GB,无机械硬盘,,,,16-k0001TX,2.4kg,长369mm；宽248mm；高22.5mm,i5-12500H,第12代酷睿i5处理器,,十二核,16线程,4.5GHz,2.5GHz,4GB,GDDR6,128bit,4800Mhz,,1920*1080,16.1英寸,IPS,宽屏16：9,Type-C；HDMI接口,,200W AC适配器,83WhrWh,,0.95,0.0,0.05,30,0,2,屏幕超大,运行超快,十分大气,,,,,,,,,
2022,08,29,Monday,10:20,联想拯救者R9000P 电竞游戏笔记本电脑y RTX3060独显 八核新锐龙R7-5800H 16G内存 512G固态 标配版 16英寸 2.5K超高清｜165Hz专业电竞屏,8899.00,联想华东授权专卖店,联想（Lenovo）,10028599484534,联想拯救者R9000P 电竞游戏笔记本电脑y RTX3060独显 八核新锐龙R7-5800H 16G内存 512G固态 标配版 16英寸 2.5K超高清｜165Hz专业电竞屏,4.0kg,,100%sRGB,16.0-16.9英寸,165Hz,20.0mm以上,,,,联想 - 拯救者,高端游戏笔记本,Windows 11 带Office,RTX 3060,发烧级游戏光线追踪显卡,NVIDIA,AMD R7,16GB,512GB,无机械硬盘,,,,Lenovo Legion R9000P,2.5,长360mm；宽264mm；高23.5mm,R7-5800H,AMD R7,,八核,16线程,4.4GHz,3.2GHz,6GB,GDDR6,192bit,3200MHz,DDR4,2560*1600,16英寸,IPS,宽屏16：10,Type-C；HDMI接口,耳机、麦克风二合一接口 3.5mm,100-240V自适应交流电源适配器,80Wh,,0.97,0.009,0.021,9300,90,100,运行速快,反应灵敏,十分大气,十分帅气,顺畅运行,简洁大方,散热超快,质量上乘,倍感舒适,方便快捷,简单方便,
2022,08,29,Monday,10:20,华硕灵耀Pro16 2022 12代英特尔酷睿游戏轻薄设计办公笔记本电脑(i7-12700H 16G 512G RTX3050Ti 2.5K 120Hz),7499.00,华硕京东自营官方旗舰店,华硕（ASUS）,100022199941,华硕灵耀Pro16,3.35kg,中国大陆,DCI-P3,16.0-16.9英寸,120Hz,15.1-18.0mm,黑色,,,高性能轻薄本系列,高性能轻薄笔记本,Windows 11,RTX 3050Ti,,Intel,intel i7,16GB,512GB,无机械硬盘,,,,灵耀Pro16,约1.97,长360.5mm；宽259mm；高17.9mm,i7-12700H,第12代智能英特尔酷睿i7处理器,Intel集成显卡,十四核,20线程,4.7GHz,2.3GHz,4GB,GDDR6,128bit,4800MHz,LPDDR5,2560*1600,16英寸,IPS,宽屏16：10,HDMI接口,耳机、麦克风二合一接口 3.5mm,,96Wh,"5-8小时, 具体时间视使用环境而定",0.98,0.004,0.016,1400,7,10,运行速快,反应灵敏,轻薄精巧,十分大气,散热超快,简洁大方,方便快捷,十分流畅,倍感舒适,运行安静,质量上乘,
2022,08,29,Monday,10:20,联想（Lenovo） 拯救者r7000 ps设计锐龙R5六核吃鸡游戏本 学生用高色域游戏笔记本电脑 锐龙R5-5600H丨RTX3050 标配：16G内存+512G固态,6799.00,联想航电授权专卖店,联想（Lenovo）,14541673777,联想（Lenovo）R70002021xxxxxx,2.3kg,中国大陆,100%sRGB,15.0-15.9英寸,,20.0mm以上,黑色,复合材质,,联想 - 拯救者,高端游戏笔记本,Windows 11 带Office,RTX 3050,发烧级游戏光线追踪显卡,NVIDIA,AMD R5,16GB,512GB,无机械硬盘,5-7小时,,,R7000,约2.4,长363mm；宽261mm；高25.8mm,R5-5600H,AMD R5,,六核,12线程,4.2GHz,3.3GHz,4GB,GDDR6,128bit,3200MHz,DDR4,1920*1080,15.6英寸,IPS,宽屏16：9,Type-C；HDMI接口,耳机、麦克风二合一接口 3.5mm,,80Wh,"5-8小时, 具体时间视使用环境而定",0.98,0.006,0.014,5700,30,60,运行稳定,反应灵敏,十分大气,运行超快,简洁大方,方便快捷,做工一流,质量上乘,散热超快,效果惊艳,倍感舒适,
2022,08,29,Monday,10:20,七彩虹（Colorful）将星X15-XS 12代酷睿15.6英寸游戏笔记本电脑(i7-12700H RTX3050 16G 512G 144Hz 星耀灰),5399.00,七彩虹（Colorful）电脑官方京东自营旗舰店,七彩虹（Colorful）,100027146971,七彩虹七彩虹将星笔记本电脑,2.5kg,中国大陆,,15.0-15.9英寸,144Hz,20.0mm以上,,,,七彩虹-将星系列,游戏笔记本,Windows 11 不带Office,RTX 3050,高性能游戏独立显卡,NVIDIA,intel i7,16GB,512GB,无机械硬盘,,,,七彩虹将星X15 XS系列,2.2kg,,i7-12700H,第12代酷睿i7处理器,,14核,20线程,4.7GHz,2.3GHz,4GB,GDDR6,128bit,3200MHz,DDR4,1920*1080,15.6英寸,IPS,宽屏16：9,HDMI接口,,100-240V自适应交流电源适配器,54Wh,"<2小时, 具体时间视使用环境而定",0.98,0.005,0.015,300,2,3,十分流畅,十分大气,运行超快,轻薄精巧,质量上乘,时尚大气,倍感舒适,辨识度高,超长续航,外观酷炫,柔软顺滑,
2022,08,29,Monday,10:20,华硕天选3 Plus 12代英特尔酷睿i7 17.3英寸游戏笔记本电脑(i7-12700H 16G 512G RTX3060 360Hz高色域)灰,9299.00,华硕京东自营官方旗舰店,华硕（ASUS）,100032610356,华硕天选3Plus,4.55kg,中国大陆,100%sRGB,17.3英寸,360Hz,20.0mm以上,灰色,,,华硕-天选,游戏笔记本,Windows 11,RTX 3060,发烧级游戏光线追踪显卡,NVIDIA,intel i7,16GB,512GB,无机械硬盘,,,,天选3Plus,约2.6,长395mm；宽264mm；高22.9mm,i7-12700H,第12代酷睿i7处理器,,14核,20线程,4.7GHz,2.3GHz,6GB,GDDR6,192bit,4800Mhz,DDR5,1920*1080,17.3英寸,IPS,宽屏16：9,HDMI接口,,,90Wh,,0.95,0.012,0.038,400,6,10,手感一流,十分流畅,十分大气,运行超快,运行速快,功能齐全,通透清晰,做工一流,毫不刺眼,柔软顺滑,散热超快,
2022,08,29,Monday,10:20,戴尔(DELL) 笔记本电脑 游匣G15 15.6英寸游戏本(新12代i5-12500H 16G 512G RTX3050Ti 165Hz )耀夜黑,6799.00,戴尔京东自营官方旗舰店,戴尔（DELL）,100018419217,戴尔G15 5520,3.78kg,中国大陆,,15.0-15.9英寸,165Hz,20.0mm以上,,,,戴尔-游匣G系列,游戏笔记本,Windows 11 带Office,RTX 3050Ti,高性能游戏独立显卡,NVIDIA,intel i5,16GB,512GB,无机械硬盘,,,,G15 5520-R2646B,2.672,长357.26mm；宽272.11mm；高26.9mm,i5-12500H,第12代酷睿i5处理器,,十二核,16线程,4.5GHz,,4GB,GDDR6,128bit,4800Mhz,DDR5,1920*1080,15.6英寸,WVA,宽屏16：9,HDMI接口,,180W AC适配器,56Wh,"2-5小时, 具体时间视使用环境而定",0.95,0.021,0.029,1200,20,30,十分大气,流畅度佳,反应灵敏,散热超快,系统充足,十分酷炫,简洁大方,按键舒服,方便快捷,质量上乘,倍感舒适,
2022,08,29,Monday,10:20,华硕天选3 锐龙版15.6英寸游戏本笔记本电脑(R7-6800H 16G 512G RTX3060 144Hz 100%sRGB高色域电竞屏)灰,7799.00,华硕京东自营官方旗舰店,华硕（ASUS）,100020557157,华硕天选3,4.095kg,中国大陆,100%sRGB,15.0-15.9英寸,144Hz,20.0mm以上,灰色,,,华硕-天选,游戏笔记本,Windows 11,RTX 3060,发烧级游戏光线追踪显卡,NVIDIA,AMD R7,16GB,512GB,无机械硬盘,,,,天选3,约2.2kg,长354.9mm；宽251.9mm；高22.45mm,,,,八核,16线程,4.7GHz,3.2GHz,6GB,GDDR6,192bit,4800Mhz,DDR5,1920*1080,15.6英寸,IPS,宽屏16：9,HDMI接口,,,90Wh,,0.94,0.021,0.039,2300,50,90,十分大气,反应灵敏,流畅度佳,简洁大方,运行速快,尺寸合适,质量上乘,方便快捷,结实耐用,手感一流,倍感舒适,
2022,08,29,Monday,10:20,华硕天选3 12代英特尔酷睿i7 15.6英寸游戏笔记本电脑(i7-12700H 16G 512G RTX3060 2.5K 165Hz 100%P3)灰,8988.00,华硕京东自营官方旗舰店,华硕（ASUS）,100018313977,华硕天选3,4.05kg,中国大陆,DCI-P3,15.0-15.9英寸,165Hz,20.0mm以上,灰色,,,华硕-天选,游戏笔记本,Windows 11,RTX 3060,发烧级游戏光线追踪显卡,NVIDIA,intel i7,16GB,512GB,无机械硬盘,,,,天选3,约2.2,长354mm；宽251mm；高22.4mm,i7-12700H,第12代酷睿i7处理器,,14核,20线程,4.7GHz,2.3GHz,6GB,GDDR6,192bit,4800Mhz,,2560*1440,15.6英寸,IPS,宽屏16：9,HDMI接口,,,90Wh,,0.96,0.017,0.023,4300,70,100,运行速快,十分大气,十分流畅,网速极佳,散热超快,纯正艳丽,简洁大方,辨识度高,质量上乘,手感一流,方便快捷,
2022,08,29,Monday,10:20,华硕天选3 第12代英特尔酷睿i7 高颜值高性能电竞高端游戏本笔记本电脑 日蚀灰i7-12700H RTX3060 16G内存 512G高速固态  2.5K 165Hz 100%P3色域,8999.00,华硕电脑官方旗舰店,华硕（ASUS）,10043869280483,华硕（ASUS）天选3,4.0kg,,DCI-P3,15.0-15.9英寸,165Hz,20.0mm以上,,金属+复合材质,,华硕-天选,高端游戏笔记本,Windows 11,RTX 3060,发烧级游戏光线追踪显卡,NVIDIA,intel i7,16GB,512GB,无机械硬盘,,,,天选3,约2.1,长354mm；宽251mm；高22.4mm,i7-12700H,第12代酷睿i7处理器,Intel集成显卡,14核,20线程,4.7GHz,2.3GHz,6GB,GDDR6,192bit,4800Mhz,DDR5,2560*1440,15.6英寸,IPS,宽屏16：9,HDMI接口,耳机、麦克风二合一接口 3.5mm,100-240V自适应交流电源适配器,90Wh,,0.98,0.016,0.004,4900,30,20,运行速快,反应灵敏,十分大气,十分流畅,十分酷炫,简洁大方,质量上乘,手感一流,倍感舒适,操作方便,方便快捷,
2022,08,29,Monday,10:20,七彩虹(Colorful)将星X15-AT 15.6英寸游戏笔记本电脑(i7-12700H RTX3060 16G 512G 144Hz 高色域屏 苍珀蓝),6969.00,七彩虹（Colorful）电脑官方京东自营旗舰店,七彩虹（Colorful）,100020178149,七彩虹七彩虹将星X15笔记本电脑,2.5kg,中国大陆,,15.0-15.9英寸,144Hz,20.0mm以上,,,,七彩虹-将星系列,游戏笔记本,Windows 11 不带Office,RTX 3060,高性能游戏独立显卡,NVIDIA,intel i7,16GB,512GB,无机械硬盘,,,,七彩虹将星X15 AT系列,2.5,,i7-12700H,第12代酷睿i7处理器,,14核,20线程,4.7GHz,2.3GHz,6GB,GDDR6,192bit,3200MHz,DDR4,1920*1080,15.6英寸,IPS,宽屏16：9,HDMI接口,,100-240V自适应交流电源适配器,54Wh,"<2小时, 具体时间视使用环境而定",0.99,0.008,0.002,800,5,2,运行稳定,反应灵敏,十分大气,散热超快,十分流畅,时尚大气,质量上乘,通透清晰,方便快捷,倍感舒适,辨识度高,
2022,08,29,Monday,10:20,ROG枪神6 Plus 第12代英特尔酷睿17.3英寸游戏本笔记本电脑(i9-12900H 液金导热 16G 1T RTX3070Ti 150W满血),15999.00,玩家国度ROG京东自营官方旗舰店,ROG,100018322087,ROG枪神6Plus,5.3kg,中国大陆,DCI-P3,17.3英寸,240Hz,20.0mm以上,黑色,,,华硕-ROG玩家国度,高端游戏笔记本,Windows 11,RTX 3070Ti,高性能游戏独立显卡,NVIDIA,intel i9,16GB,1TB,无机械硬盘,,,,枪神6Plus,2.9,长395mm；宽282mm；高28mm,i9-12900H,第12代酷睿i9处理器,Intel集成显卡,14核,20线程,5.0GHz,2.5GHz,8GB,GDDR6,256bit,,DDR5,2560*1440,17.3英寸,IPS,宽屏16：9,HDMI接口,耳机、麦克风二合一接口 3.5mm,,90Wh,,0.96,0.012,0.028,2200,30,50,十分酷炫,流畅度佳,网速极佳,十分大气,做工一流,系统充足,质量上乘,倍感舒适,手感一流,运行安静,方便快捷,
2022,08,29,Monday,10:20,神舟(HASEE)战神Z7-DA7NS 新12代i7-12650H RTX3050 15.6英寸游戏笔记本电脑(16G 512G 144Hz IPS),5499.00,神舟电脑京东自营旗舰店,神舟（HASEE）,100039640688,神舟战神Z7-DA7NS,3.4kg,中国大陆,,15.0-15.9英寸,144Hz,20.0mm以上,,,,神舟-战神,游戏笔记本,Windows 11 不带Office,RTX 3050,高性能游戏独立显卡,NVIDIA,intel i7,16GB,512GB,无机械硬盘,,,,战神Z7-DA7NS,2.2,长361mm；宽241mm；高25mm,i7-12650H,第12代酷睿i7处理器,Intel集成显卡,十核,16线程,4.7GHz,2.3GHz,4GB,GDDR6,,3200MHz,DDR4,1920*1080,15.6英寸,IPS,宽屏16：9,MINI DP接口；HDMI接口,,,41Wh,"2-5小时, 具体时间视使用环境而定",0.96,0.011,0.029,900,10,20,运行稳定,反应灵敏,十分大气,游戏性能强,十分酷炫,简洁大方,散热超快,倍感舒适,手感一流,简单方便,毫不刺眼,
2022,08,29,Monday,10:20,华硕无畏Pro15 2022 2.8K 120Hz OLED屏高性能标压轻薄游戏笔记本电脑(R7-5800H 16G 512G GTX1650高色域)银,4999.00,华硕京东自营官方旗舰店,华硕（ASUS）,100039804884,华硕无畏Pro15 2022,3.0kg,中国大陆,100% DCI-P3,15.0-15.9英寸,120Hz,18.1-20.0mm,银色,,,华硕-无畏,轻薄笔记本,Windows 11,GTX 1650,,NVIDIA,AMD R7,16GB,512GB,无机械硬盘,,,,无畏Pro15,约1.8,长359.8mm；宽234.3mm；高17.9mm,R7-5800H,AMD R7,AMD集成显卡,八核,16线程,4.4GHz,3.2GHz,4GB,GDDR6,128bit,,DDR4,2880*1620,15.6英寸,OLED,宽屏16：9,HDMI接口,耳机、麦克风二合一接口 3.5mm,,70Wh,"2-5小时, 具体时间视使用环境而定",0.98,0.016,0.004,800,7,4,反应灵敏,轻薄精巧,十分大气,通透清晰,运行超快,方便快捷,十分流畅,倍感舒适,质量上乘,运行安静,散热超快,
2022,08,29,Monday,10:20,神舟(HASEE)战神Z8-DA7NS 新12代i7-12650H RTX3060 15.6英寸游戏笔记本电脑(16G 512G 144Hz IPS),6699.00,神舟电脑京东自营旗舰店,神舟（HASEE）,100023113085,神舟战神Z8-DA7NS,3.63kg,中国大陆,,15.0-15.9英寸,144Hz,20.0mm以上,,复合材质,,神舟-战神,游戏笔记本,Windows 11 不带Office,RTX 3060,高性能游戏独立显卡,NVIDIA,intel i7,16GB,512GB,无机械硬盘,小于5小时,,,战神Z8-DA7NS,2.2,长361mm；宽241mm；高25mm,i7-12650H,第12代酷睿i7处理器,Intel集成显卡,十核,16线程,4.7GHz,2.3GHz,6GB,GDDR6,,3200MHz,DDR4,1920*1080,15.6英寸,IPS,宽屏16：9,MINI DP接口；HDMI接口,,180W AC适配器,53.35Wh,"2-5小时, 具体时间视使用环境而定",0.97,0.007,0.023,100,1,2,流畅度佳,散热超快,十分大气,外型酷炫,系统充足,反应灵敏,运行快速,做工一流,办公足够,结实耐用,,
2022,08,29,Monday,10:20,联想拯救者Y9000P 2022 16英寸游戏笔记本电脑(12代 i7-12700H 16G 512G RTX3070 2.5k 165Hz高色域)钛晶灰,10999.00,联想京东自营旗舰店,联想（Lenovo）,100039804822,联想拯救者Y9000P,4.65kg,中国大陆,100%sRGB,16.0-16.9英寸,165Hz,20.0mm以上,,,,联想 - 拯救者,高端游戏笔记本,Windows 11,RTX 3070,高性能游戏独立显卡,NVIDIA,intel i7,16GB,512GB,无机械硬盘,,,,拯救者Y9000P,约2.53,长360mm；宽264mm；高19.9mm,i7-12700H,第12代酷睿i7处理器,,14核,20线程,,,,,,,,2560*1600,16英寸,IPS,宽屏16：10,Thunderbolt（雷电）,,,80WhWh,,0.97,0.005,0.025,600,4,10,十分大气,十分流畅,运行超快,精致优雅,做工一流,超长续航,质量上乘,倍感舒适,扩展性强,柔软顺滑,毫无异味,
2022,08,29,Monday,10:20,机械革命蛟龙16 2.5K 240Hz高刷 16英寸游戏电竞笔记本电脑(R7-6800H 16G 512G RTX3060满血),7289.00,机械革命京东自营官方旗舰店,机械革命（MECHREVO）,100024328475,机械革命蛟龙,4.0kg,中国大陆,100%sRGB,16.0-16.9英寸,240Hz,20.0mm以上,灰色,金属+复合材质,,机械革命蛟龙,高端游戏笔记本,Windows 11 不带Office,RTX 3060,发烧级游戏光线追踪显卡,NVIDIA,AMD R7,16GB,512GB,无机械硬盘,小于5小时,,,机械革命蛟龙,2.45,长355.2mm；宽276.86mm；高27.4mm,R7-6800H,AMD R7,AMD集成显卡,八核,16线程,4.7GHz,3.2GHz,6GB,,192bit,4800Mhz,DDR5,2560*1600,16英寸,LED,宽屏16：10,HDMI接口,耳机、麦克风二合一接口 3.5mm,230W AC适配器,62Wh,"2-5小时, 具体时间视使用环境而定",0.95,0.018,0.032,1900,30,40,散热超快,反应灵敏,十分大气,十分流畅,流畅度佳,做工一流,简洁大方,倍感舒适,手感一流,方便快捷,质量上乘,
2022,08,29,Monday,10:20,机械革命旷世E 17.3英寸165Hz 2.5K电竞游戏笔记本电脑(12代英特尔酷睿i7-12700H 16G 512G RTX3060),7499.00,机械革命京东自营官方旗舰店,机械革命（MECHREVO）,100023586111,机械革命旷世,4.3kg,中国大陆,100%sRGB,17.3英寸,165Hz,20.0mm以上,黑色,,,机械革命旷世,高端游戏笔记本,Windows 11 不带Office,RTX 3060,高性能游戏独立显卡,NVIDIA,intel i7,16GB,512GB,无机械硬盘,小于5小时,,,机械革命旷世,2.5,长395.7mm；宽263.6mm；高30.05mm,i7-12700H,第12代酷睿i7处理器,Intel集成显卡,14核,20线程,,,6GB,GDDR6,192bit,3200MHz,DDR4,2560*1440,17.3英寸,LED,宽屏16：9,Type-C；HDMI接口,1 x 麦克风接口; 1 x 音频接口,230W AC适配器,46.74WHWh,"2-5小时, 具体时间视使用环境而定",0.97,0.009,0.021,100,2,3,反应灵敏,美观大方,十分大气,运行稳定,屏幕够大,流畅度佳,游戏性能强,质量上乘,倍感舒适,柔软顺滑,扎实牢固,
2022,08,29,Monday,10:20,华硕灵耀Pro16 2022 12代英特尔酷睿游戏轻薄设计办公笔记本电脑(i5-12500H 16G 512G RTX3050Ti 2.5K 120Hz),6999.00,华硕京东自营官方旗舰店,华硕（ASUS）,100027013559,华硕灵耀Pro16,3.3kg,中国大陆,100% DCI-P3,16.0-16.9英寸,120Hz,15.1-18.0mm,黑色,,,高性能轻薄本系列,高性能轻薄笔记本,Windows 11,RTX 3050Ti,,Intel,intel i5,16GB,512GB,无机械硬盘,,,,灵耀Pro16,约1.97,长360.5mm；宽259mm；高17.9mm,i5-12500H,十二代i5,Intel集成显卡,十二核,16线程,4.5GHz,2.5GHz,4GB,GDDR6,128bit,4800MHz,LPDDR5,2560*1600,16英寸,IPS,宽屏16：10,HDMI接口,耳机、麦克风二合一接口 3.5mm,,96Wh,">8小时, 具体时间视使用环境而定",0.98,0.011,0.009,200,2,2,十分大气,运行速快,纯正艳丽,简洁大方,运行超快,功能齐全,运行安静,方便快捷,质量上乘,亮度均匀,反应灵敏,
2022,08,29,Monday,10:21,小米 Redmi G 游戏本 2022 笔记本电脑(12代酷睿i5 16G 512G RTX3050独显 2.5K 165Hz电竞屏 支持独显直连),6299.00,小米京东自营旗舰店,小米（MI）,100029907455,小米小米 Redmi G 游戏本 2022,3.9kg,中国大陆,100%sRGB,16.0-16.9英寸,165Hz,20.0mm以上,,金属+复合材质,,小米Redmi G,游戏笔记本,Windows 11 带Office,RTX 3050,高性能游戏独立显卡,NVIDIA,intel i5,16GB,512GB,无机械硬盘,,,,RMG2212-**,2.4,长360mm；宽261mm；高25mm,,第12代酷睿i5处理器,,八核,12线程,,,,GDDR6,,,DDR5,2560*1600,16英寸,LCD,宽屏16：10,HDMI接口；MINI DP接口,耳机、麦克风二合一接口 3.5mm,,额定55.02WhWh,,0.93,0.026,0.044,300,10,10,反应灵敏,十分流畅,倍感舒适,十分大气,运行超快,纯正艳丽,办公足够,炫酷十足,质量上乘,亮度均匀,顺滑流畅,
2022,08,29,Monday,10:21,外星人ALIENWARE m15 R7 15.6英寸高端游戏本 12代i7 32G  RTX3060 QHD 240Hz 高刷屏 轻薄笔记本电脑2765QB,16469.00,外星人京东自营旗舰店,外星人（Alienware）,100033055000,外星人ALWM15-R2765QB,4.61kg,中国大陆,,15.0-15.9英寸,240Hz,20.0mm以上,黑色,,,戴尔-外星人,高端游戏笔记本,Windows 11 带Office,RTX 3060,高性能游戏独立显卡,NVIDIA,intel i7,32GB,1TB,无机械硬盘,,,,ALWM15-R2765QB,2.69,长356.2mm；宽272.5mm；高23.95mm,i7-12700H,第12代酷睿i7处理器,,14核,20线程,4.7GHz,,6GB,GDDR6,192bit,4800Mhz,DDR5,2560*1440,15.6英寸,WVA,宽屏16：9,HDMI接口,,,86Wh,,0.97,0.008,0.022,200,2,3,十分酷炫,时尚大气,手感一流,流畅度佳,运行超快,质量上乘,功能强大,音效超棒,拓展性强,做工一流,柔软顺滑,
2022,08,29,Monday,10:21,联想（Lenovo） 拯救者Y9000P 2022 16英寸游戏笔记本电脑 i7-12700H 512G RTX3060,9799.00,联想京东自营官方旗舰店,联想（Lenovo）,10045104617575,联想（Lenovo）拯救者Y9000P,4.6kg,,100%sRGB,16.0-16.9英寸,165Hz,20.0mm以上,灰色,,,联想 - 拯救者,高端游戏笔记本,Windows 11,RTX 3060,高性能游戏独立显卡,NVIDIA,intel i7,16GB,512GB,无机械硬盘,,,,拯救者Y9000P 2022,2.53,长359.9mm；宽264.4mm；高26.4mm,i7-12700H,第12代酷睿i7处理器,,14核,20线程,4.7GHz,,6GB,GDDR6,192bit,,,2560*1600,16英寸,广视角,宽屏16：10,Type-C；HDMI接口,,,80Wh,,0.96,0.025,0.015,1300,20,20,运行稳定,十分大气,反应灵敏,十分流畅,做工一流,十分酷炫,手感一流,轻松便捷,质量上乘,倍感舒适,功能强大,
2022,08,29,Monday,10:21,华硕（ASUS） 天选2 15.6英寸游戏笔记本电脑IPS电竞屏吃鸡商务办公轻薄学生手提新款 灰144Hz R5-4600H GTX1650 配置一  16G内存 512G固态,5199.00,华硕硕金专卖店,华硕（ASUS）,10046157686509,华硕（ASUS）天选2,5.0kg,,,15.0-15.9英寸,144Hz,20.0mm以上,,金属+复合材质,,华硕-天选,游戏笔记本,Windows 11 不带Office,GTX 1650,高性能游戏独立显卡,NVIDIA,AMD R5,16GB,512GB,无机械硬盘,,,,FA506,2.23,长359.8mm；宽256mm；高24.9mm,R5-4600H,AMD R5,,六核,12线程,4.2GHz,2.9GHz,4GB,GDDR6,128bit,3200MHz,DDR4,1920*1080,15.6英寸,LED,宽屏16：9,HDMI接口,,65W AC适配器,48Wh,"2-5小时, 具体时间视使用环境而定",0.99,0.009,0.001,500,1,1,反应灵敏,十分流畅,十分大气,外型酷炫,运行超快,质量上乘,柔软顺滑,轻薄精巧,简单方便,分量感足,读写迅速,
2022,08,29,Monday,10:21,戴睿（dere） 笔记本电脑11代酷睿i7超轻薄2.5K高色域高刷屏商务办公用大学生电竞游戏本手提 【12代英特尔】P3高色域高刷2.5K屏 背光键盘 16G内存+256G固态,2999.00,戴睿旗舰店,戴睿（dere）,10058844411280,戴睿（dere）V50 Max,2.5kg,中国大陆,DCI-P3,15.0-15.9英寸,165Hz,15.1-18.0mm,银色,金属,背光键盘，全面屏，大内存（16GB及以上）,戴睿V系列,高端轻薄笔记本,Windows 10,集成显卡,,Intel,intel 赛扬,16GB,1TB,无机械硬盘,,,,V50 Max,1.5,长360mm；宽235mm；高15mm,N5095,赛扬四核,Intel集成显卡,四核,4线程,2.9GHz,2.0GHz,无,无,无,1600MHz,DDR4,2560*1440,15.6英寸,TN,宽屏16：9,HDMI接口,耳机、麦克风二合一接口 2.5mm,100-240V自适应交流电源适配器,36Wh,"2-5小时, 具体时间视使用环境而定",1.0,0.0,0.0,0,0,0,,,,,,,,,,,,
2022,08,29,Monday,10:21,联想（Lenovo） 拯救者r7000 ps设计锐龙R5六核吃鸡游戏本 学生用高色域游戏笔记本电脑 锐龙R7-5800H丨RTX3050 标配：16G内存+512G固态,7199.00,联想航电授权专卖店,联想（Lenovo）,10043866965086,联想（Lenovo）R70002021xxxxxx,2.3kg,中国大陆,100%sRGB,15.0-15.9英寸,60Hz,20.0mm以上,黑色,金属+复合材质,,联想 - 拯救者,高端游戏笔记本,Windows 11 带Office,RTX 3050,发烧级游戏光线追踪显卡,AMD,AMD R7,16GB,512GB,无机械硬盘,7-9小时,,,拯救者R7000,约2.4,长363mm；宽261mm；高25.75mm,R7-5800H,AMD R7,,八核,16线程,4.4GHz,3.2GHz,4GB,GDDR6,128bit,3200MHz,DDR4,1920*1080,15.6英寸,IPS,宽屏16：9,Type-C；HDMI接口,耳机、麦克风二合一接口 3.5mm,,80Wh,"5-8小时, 具体时间视使用环境而定",0.98,0.014,0.006,700,6,5,十分大气,流畅度佳,反应灵敏,运行超快,时尚大气,倍感舒适,尺寸合适,手感一流,功能强大,手感舒适,,
2022,08,29,Monday,10:21,联想拯救者Y7000P 2022 英特尔酷睿i5 15.6英寸游戏笔记本电脑(12代i5-12500H 16G 512G RTX3050 2.5k电竞屏),7299.00,联想京东自营旗舰店,联想（Lenovo）,100033822492,联想拯救者Y7000P,4.3kg,中国大陆,100%sRGB,15.0-15.9英寸,165Hz,20.0mm以上,灰色,,,联想 - 拯救者,游戏笔记本,Windows 11,RTX 3050,高性能游戏独立显卡,NVIDIA,intel i5,16GB,512GB,无机械硬盘,,,,拯救者Y7000P,约2.35,长358.8mm；宽262.4mm；高22.75mm,i5-12500H,第12代酷睿i5处理器,,十二核,16线程,,,4GB,GDDR6,128bit,,,2560*1440,15.6英寸,广视角,宽屏16：9,Thunderbolt（雷电）,耳机、麦克风二合一接口 3.5mm,,80WhWh,,0.95,0.018,0.032,3900,70,100,十分大气,散热超快,大气稳重,运行超快,做工一流,十分流畅,倍感舒适,方便快捷,质量上乘,简单方便,柔软顺滑,
2022,08,29,Monday,10:21,联想拯救者Y7000P 2022 15.6英寸游戏笔记本电脑(12代 i5-12500H 16G 512G RTX3050Ti 2.5k 165Hz高色域)银,7599.00,联想京东自营旗舰店,联想（Lenovo）,100023147721,联想拯救者Y7000P,4.0kg,中国大陆,100%sRGB,15.0-15.9英寸,165Hz,20.0mm以上,,,,联想 - 拯救者,高端游戏笔记本,Windows 11,RTX 3050Ti,高性能游戏独立显卡,NVIDIA,intel i5,16GB,512GB,无机械硬盘,,,,拯救者Y7000P,约2.35,长359mm；宽262mm；高22.75mm,i5-12500H,第12代酷睿i5处理器,,十二核,16线程,,,,,,,,2560*1440,15.6英寸,IPS,宽屏16：9,Thunderbolt（雷电）,,,80WhWh,,0.95,0.032,0.018,200,7,5,十分大气,反应灵敏,颜值颇高,柔软顺滑,时尚大气,简单方便,倍感舒适,稳定可靠,流畅度佳,便于上手,运行超快,
2022,08,29,Monday,10:21,ROG枪神6 第12代英特尔酷睿i7 15.6英寸电竞游戏本笔记本电脑(i7-12700H 液金导热 16G 512GB 2.5K RTX3060),10999.00,玩家国度ROG京东自营官方旗舰店,ROG,100023934923,ROG枪神6,4.46kg,中国大陆,,15.0-15.9英寸,240Hz,20.0mm以上,黑色,,,华硕-ROG玩家国度,高端游戏笔记本,Windows 11,RTX 3060,高性能游戏独立显卡,NVIDIA,intel i7,16GB,512GB,无机械硬盘,,,,枪神6,2.4,长355mm；宽260mm；高27mm,i7-12700H,第12代酷睿i7处理器,,14核,20线程,4.7GHz,2.3GHz,6GB,GDDR6,192bit,4800Mhz,DDR5,2560*1440,15.6英寸,IPS,宽屏16：9,HDMI接口,耳机、麦克风二合一接口 3.5mm,,90Wh,,0.97,0.01,0.02,1000,10,10,十分酷炫,流畅度佳,十分大气,纯正艳丽,方便快捷,倍感舒适,玩游戏必备,质量上乘,系统充足,运行超快,运行安静,
2022,08,29,Monday,10:21,联想拯救者Y9000P 2022电竞游戏笔记本电脑 RTX3060独显 12代酷睿i7-12700H 16G内存 512G固态 标配版 16英寸 2.5K超高清｜165Hz专业电竞屏,10399.00,联想华东授权专卖店,联想（Lenovo）,10045513127372,联想（Lenovo）拯救者Y9000P 2022,4.06kg,,100%sRGB,16.0-16.9英寸,165Hz,20.0mm以上,,金属+复合材质,,联想 - 拯救者,高端游戏笔记本,Windows 11 带Office,RTX 3060,发烧级游戏光线追踪显卡,NVIDIA,intel i7,16GB,512GB,无机械硬盘,5-7小时,,,Y9000P 2022,2.53,长359.9mm；宽264.4mm；高26.4mm,i7-12700H,第12代酷睿i7处理器,Intel集成显卡,14核,20线程,4.7GHz,2.3GHz,6GB,GDDR6,192bit,4800Mhz,DDR5,2560*1600,16英寸,广视角,宽屏16：10,Thunderbolt（雷电）；Type-C；HDMI接口,耳机、麦克风二合一接口 3.5mm,100-240V自适应交流电源适配器,80Wh,"5-8小时, 具体时间视使用环境而定",0.98,0.008,0.012,2600,20,20,十分大气,十分流畅,十分酷炫,流畅度佳,简洁大方,倍感舒适,简单方便,方便快捷,质量上乘,亮度均匀,功能强大,
2022,08,29,Monday,10:21,华硕(ASUS)天选2 15.6英寸游戏笔记本电脑(新锐龙 7nm 8核R7-5800H 16G 512G RTX3060 144Hz)日蚀灰,6499.00,华硕京东自营官方旗舰店,华硕（ASUS）,100020318814,华硕天选,4.08kg,中国大陆,,15.0-15.9英寸,144Hz,20.0mm以上,灰色,,,华硕-天选,游戏笔记本,Windows 11,RTX 3060,发烧级游戏光线追踪显卡,NVIDIA,AMD R7,16GB,512GB,无机械硬盘,,,,天选2,约2.23,,R7-5800H,AMD R7,AMD集成显卡,八核,16线程,4.4GHz,3.2GHz,6GB,GDDR6,192bit,3200MHz,,1920*1080,15.6英寸,IPS,宽屏16：9,HDMI接口,,,90Wh,"2-5小时, 具体时间视使用环境而定",0.95,0.016,0.034,7200,100,200,运行速快,十分大气,反应灵敏,十分流畅,高端大气,做工一流,散热超快,质量上乘,倍感舒适,超长续航,柔软顺滑,
2022,08,29,Monday,10:21,戴尔(DELL) 笔记本电脑 游匣G15 15.6英寸游戏本(11代i5-11260H 16G 512G RTX3050 120Hz )耀夜黑,5599.00,戴尔京东自营官方旗舰店,戴尔（DELL）,100023344932,戴尔G15 5511,3.82kg,中国大陆,,15.0-15.9英寸,120Hz,20.0mm以上,,,,戴尔-游匣G系列,游戏笔记本,Windows 10 带Office,RTX 3050,高性能游戏独立显卡,NVIDIA,intel i5,16GB,512GB,无机械硬盘,,,,G15 5511-R1646B,2.81,长357.26mm；宽272.11mm；高25.33mm,i5-11260H,第十一代i5处理器,,六核,12线程,4.4GHz,2.1GHz,4GB,GDDR6,无,3200MHz,DDR4,1920*1080,15.6英寸,WVA,宽屏16：9,HDMI接口,,,56Wh,"2-5小时, 具体时间视使用环境而定",0.91,0.025,0.065,7300,200,500,运行稳定,十分大气,简洁大方,流畅度佳,散热超快,做工一流,质量上乘,倍感舒适,超长续航,功能齐全,方便快捷,
2022,08,29,Monday,10:21,ROG魔霸新锐2022 15.6英寸2.5K 165Hz游戏本笔记本电脑(R9-6900HX  液金导热 16G 512G RTX3060 140W),8999.00,玩家国度ROG京东自营官方旗舰店,ROG,100032980136,ROG魔霸新锐,4.3kg,中国大陆,DCI-P3,15.0-15.9英寸,165Hz,20.0mm以上,灰色,,,华硕-ROG玩家国度,高端轻薄笔记本,Windows 11,RTX 3060,高性能游戏独立显卡,NVIDIA,AMD R9,16GB,512GB,无机械硬盘,,,,魔霸新锐 2022,约2.4,长355mm；宽260mm；高27mm,,AMD R9,,八核,16线程,4.9GHz,3.3GHz,6GB,GDDR6,192bit,4800Mhz,DDR5,2560*1440,15.6英寸,IPS,宽屏16：9,HDMI接口,耳机、麦克风二合一接口 3.5mm,,90Wh,,0.97,0.008,0.022,8400,70,100,运行速快,霸气侧漏,十分大气,游戏性能强,散热超快,做工一流,倍感舒适,质量上乘,按键舒服,功能齐全,方便快捷,
2022,08,29,Monday,10:21,ROG幻16 2022 第12代英特尔酷睿16英寸设计师高性能游戏笔记本电脑(i7-12700H 16G 512G RTX3060 2.5K165Hz),9999.00,玩家国度ROG京东自营官方旗舰店,ROG,100018322085,ROG幻16,4.15kg,中国大陆,DCI-P3,16.0-16.9英寸,165Hz,18.1-20.0mm,黑色,,,华硕-ROG玩家国度,高端游戏笔记本,Windows 11,RTX 3060,高性能游戏独立显卡,NVIDIA,intel i7,16GB,512GB,无机械硬盘,,,,幻16,2,长355mm；宽244mm；高19.9mm,i7-12700H,第12代酷睿i7处理器,,14核,20线程,4.7GHz,2.3GHz,6GB,GDDR6,192bit,4800Mhz,DDR5,2560*1600,16英寸,LED,宽屏16：10,HDMI接口,,,90Wh,,0.97,0.008,0.022,9100,80,100,运行超快,十分酷炫,散热超快,十分帅气,纯正艳丽,简单方便,运行安静,顺畅运行,倍感舒适,手感一流,方便快捷,
2022,08,29,Monday,10:21,华硕天选3 第12代英特尔酷睿i7 高颜值高性能电竞高端游戏本笔记本电脑 魔幻青i7-12700H RTX3060 16G内存 512G高速固态  2.5K 165Hz 100%P3色域,9499.00,华硕电脑官方旗舰店,华硕（ASUS）,10043869280484,华硕（ASUS）天选3,4.0kg,,DCI-P3,15.0-15.9英寸,165Hz,20.0mm以上,,金属+复合材质,,华硕-天选,高端游戏笔记本,Windows 11,RTX 3060,发烧级游戏光线追踪显卡,NVIDIA,intel i7,16GB,512GB,无机械硬盘,,,,天选3,约2.1,长354mm；宽251mm；高22.4mm,i7-12700H,第12代酷睿i7处理器,Intel集成显卡,14核,20线程,4.7GHz,2.3GHz,6GB,GDDR6,,4800Mhz,DDR5,2560*1440,15.6英寸,IPS,宽屏16：9,HDMI接口,耳机、麦克风二合一接口 3.5mm,100-240V自适应交流电源适配器,90Wh,,0.99,0.008,0.002,1700,9,4,运行速快,反应灵敏,十分大气,十分流畅,颜值颇高,通透清晰,功能齐全,手感一流,倍感舒适,运行安静,方便快捷,
2022,08,29,Monday,10:21,机械革命旷世E 17.3英寸165Hz 2.5K电竞游戏笔记本电脑(12代英特尔酷睿i7-12700H 16G 512G RTX3070),8488.00,机械革命京东自营官方旗舰店,机械革命（MECHREVO）,100023586113,机械革命旷世,4.5kg,中国大陆,100%sRGB,17.3英寸,165Hz,20.0mm以上,黑色,,,机械革命旷世,高端游戏笔记本,Windows 11 不带Office,RTX 3070,高性能游戏独立显卡,NVIDIA,intel i7,16GB,512GB,无机械硬盘,小于5小时,,,机械革命旷世,2.5,长395.7mm；宽263.6mm；高30.05mm,i7-12700H,第12代酷睿i7处理器,Intel集成显卡,14核,20线程,,,8GB,GDDR6,256bit,3200MHz,DDR4,2560*1440,17.3英寸,LED,宽屏16：9,Type-C；HDMI接口,1 x 麦克风接口; 1 x 音频接口,230W AC适配器,46.74WHWh,"2-5小时, 具体时间视使用环境而定",0.96,0.011,0.029,500,6,10,运行稳定,十分大气,流畅度佳,反应灵敏,外型酷炫,倍感舒适,设计感强,简单方便,方便快捷,运行安静,读取快捷,
2022,08,29,Monday,10:21,华硕天选3 锐龙版15.6英寸游戏本笔记本电脑(R7-6800H 16G 512G RTX3060 144Hz 100%sRGB高色域电竞屏)青,7799.00,华硕京东自营官方旗舰店,华硕（ASUS）,100020557141,华硕天选3,4.15kg,中国大陆,100%sRGB,15.0-15.9英寸,144Hz,20.0mm以上,绿色,,,华硕-天选,游戏笔记本,Windows 11,RTX 3060,发烧级游戏光线追踪显卡,NVIDIA,AMD R7,16GB,512GB,无机械硬盘,,,,天选3,约2.2kg,长354.9mm；宽251.9mm；高22.45mm,,,,八核,16线程,4.7GHz,3.2GHz,6GB,GDDR6,192bit,4800Mhz,DDR5,1920*1080,15.6英寸,IPS,宽屏16：9,HDMI接口,,,90Wh,,0.95,0.018,0.032,5900,100,100,运行稳定,十分大气,流畅度佳,散热超快,尺寸合适,时尚大气,质量上乘,运行安静,按键舒服,柔软顺滑,背光酷炫,
2022,08,29,Monday,10:21,宏碁（acer） 暗影骑士·擎笔记本电脑 15.6英寸电竞屏512G硬盘高色域游戏本独立显卡 新i5-12500HRTX30606G独显,7499.00,宏碁电脑京东自营旗舰店,宏碁（acer）,10044066213455,宏碁（acer）暗影骑士擎,4.1kg,,,15.0-15.9英寸,165Hz,20.0mm以上,,,,宏碁-暗影骑士,高端游戏笔记本,Windows 11 带Office,RTX 3060,高性能游戏独立显卡,NVIDIA,intel i5,16GB,512GB,无机械硬盘,,,,51r3,2.5,长360.4mm；宽271.09mm；高26.75mm,i5-12500H,第12代酷睿i5处理器,,十二核,16线程,,,6GB,GDDR6,,,,1920*1080,15.6英寸,IPS,宽屏16：9,Thunderbolt（雷电）；Type-C；HDMI接口,,,57Wh,,0.97,0.025,0.005,900,10,5,散热超快,反应灵敏,十分酷炫,流畅度佳,运行稳定,倍感舒适,简约时尚,运行安静,质量上乘,尺寸合适,方便快捷,
2022,08,29,Monday,10:21,宏碁 新暗影骑士·擎 15.6英寸2.5K屏游戏笔记本电脑(12代i7-12700H 16G 512G RTX3060满血 165Hz 100%DCI-P3),8299.00,宏碁京东自营旗舰店,宏碁（acer）,100032964652,宏碁暗影骑士,4.35kg,中国大陆,DCI-P3,15.0-15.9英寸,165Hz,20.0mm以上,,,,宏碁-暗影骑士,高端游戏笔记本,Windows 11 带Office,RTX 3060,发烧级游戏光线追踪显卡,NVIDIA,intel i7,16GB,512GB,无机械硬盘,,,,暗影骑士擎,2.5,长360mm；宽271mm,i7-12700H,第12代酷睿i7处理器,,14核,20线程,,,6GB,GDDR6,,,,2560*1440,15.6英寸,IPS,宽屏16：9,HDMI接口,耳机、麦克风二合一接口 3.5mm,100-240V自适应交流电源适配器,57whWh,,0.99,0.002,0.008,3500,8,10,运行稳定,反应灵敏,散热超快,十分大气,霸气侧漏,游戏性能强,倍感舒适,简洁大方,质量上乘,运行安静,手感一流,
2022,08,29,Monday,10:21,机械革命（MECHREVO） Z3Pro蛟龙满血3060电竞游戏本15.6英寸轻薄手提笔记本电脑 酷睿i5/RTX3060-130W满血/144Hz 官方标配：16G 512G PCIE高速固态,6099.00,机械革命授权专卖店,机械革命（MECHREVO）,10057229540582,机械革命（MECHREVO）Z3Pro,2.0kg,,45%NTSC,15.0-15.9英寸,144Hz,20.0mm以上,灰色,金属+复合材质,,机械革命-深海幽灵系列,高端游戏笔记本,Windows 11 不带Office,RTX 3060,高性能游戏独立显卡,NVIDIA,intel i5,16GB,512GB,无机械硬盘,,,,Z3Pro青春版（官方标配）,1.96,长360.2mm；宽243.5mm；高23.6mm,i5-10200H,第十代智能英特尔酷睿i5处理器,Intel集成显卡,四核,8线程,4.1GHz,2.4GHz,6GB,GDDR6,192bit,3200MHz,DDR4,1920*1080,15.6英寸,LED,宽屏16：9,HDMI接口,1 x 麦克风接口; 1 x 音频接口,180W AC适配器,46.74Wh,"2-5小时, 具体时间视使用环境而定",0.95,0.032,0.018,200,6,4,十分流畅,简洁大方,稳定性佳,精致漂亮,外型帅气,,,,,,,
2022,08,29,Monday,10:21,惠普(HP)暗影精灵8Plus 17.3英寸游戏笔记本电脑(12代酷睿i7 RTX 3070 Ti 8G显存16GDDR5 1TSSD 2.5K 165Hz),10999.00,惠普（HP）OMEN暗影精灵京东自营旗舰店,惠普（HP）,100032656698,惠普17-ck1002TX,5.15kg,中国大陆,,17.3英寸,165Hz,20.0mm以上,,,,惠普-暗影精灵,游戏笔记本,Windows 11,RTX 3070Ti,高性能游戏独立显卡,NVIDIA,intel i7,16GB,1TB,无机械硬盘,,,,17-ck1002TX,2.8 kg,长397.19mm；宽262.07mm；高27mm,i7-12700H,第12代酷睿i7处理器,,14核,20线程,,,,,,,,2560*1440,17.3英寸,IPS,宽屏16：9,MINI DP接口；Type-C；HDMI接口,,,83Wh,,0.93,0.025,0.045,1100,30,40,十分大气,简洁大方,反应灵敏,流畅度佳,做工一流,辨识度高,稳定性佳,运行安静,倍感舒适,按键舒服,柔软顺滑,
2022,08,29,Monday,10:21,联想（Lenovo） 拯救者Y7000P 2022 15.6英寸游戏笔记本电脑 i7-12700H 512G RTX3050,8066.00,联想京东自营官方旗舰店,联想（Lenovo）,10046635771777,联想（Lenovo）拯救者Y7000P 2022,3.95kg,,,15.0-15.9英寸,165Hz,20.0mm以上,,,,联想 - 拯救者,高端游戏笔记本,Windows 11,RTX 3050,高性能游戏独立显卡,NVIDIA,intel i7,16GB,512GB,无机械硬盘,,,,拯救者Y7000P,2.4,长358.8mm；宽262.4mm；高22.75mm,i7-12700H,,,14核,20线程,,,,,,,,2560*1440,15.6英寸,广视角,宽屏16：9,Type-C；HDMI接口,,,80Wh,,0.96,0.023,0.017,100,3,3,十分流畅,十分大气,运行超快,简洁大方,大气稳重,功能强大,散热超快,倍感舒适,方便快捷,办公足够,,
2022,08,29,Monday,10:22,外星人ALIENWARE 2022全新x14 14英寸高性能12代i7 16G 512G RTX3050 144Hz学生 轻薄 游戏本笔记本电脑1743W,11969.00,外星人京东自营旗舰店,外星人（Alienware）,100032747642,外星人ALWX14-R1743W,3.775kg,中国大陆,,14.0-14.9英寸,144Hz,15.1-18.0mm,白色,,,戴尔-外星人,高端游戏笔记本,Windows 11 带Office,RTX 3050,高性能游戏独立显卡,NVIDIA,intel i7,16GB,512GB,无机械硬盘,,,,ALWX14-R1743W,1.841,长321.5mm；宽262.77mm；高14.5mm,i7-12700H,第12代酷睿i7处理器,,14核,20线程,4.7GHz,,4GB,GDDR6,128bit,4800Mhz,,1920*1080,14英寸,LCD,宽屏16：9,HDMI接口,,,80Wh,"2-5小时, 具体时间视使用环境而定",0.96,0.011,0.029,700,9,10,轻薄精巧,十分大气,霸气侧漏,反应灵敏,手感一流,十分流畅,方便快捷,流畅度佳,安静无声,功能强大,省力便捷,
2022,08,29,Monday,10:22,戴尔(DELL) 笔记本电脑 游匣G15 15.6英寸游戏本(新12代i7-12700H 16G 512G RTX3060 240Hz )耀夜黑,8999.00,戴尔京东自营官方旗舰店,戴尔（DELL）,100018419215,戴尔G15 5520,4.0kg,中国大陆,,15.0-15.9英寸,240Hz,20.0mm以上,,,,戴尔-游匣G系列,游戏笔记本,Windows 11 带Office,RTX 3060,高性能游戏独立显卡,NVIDIA,intel i7,16GB,512GB,无机械硬盘,,,,G15 5520-R1866B,2.672,长357.26mm；宽272.11mm；高26.9mm,i7-12700H,第12代酷睿i7处理器,,14核,20线程,4.7GHz,,6GB,GDDR6,192bit,4800Mhz,DDR5,2560*1440,15.6英寸,WVA,宽屏16：9,HDMI接口,,,86Wh,"2-5小时, 具体时间视使用环境而定",0.94,0.011,0.049,300,5,10,运行稳定,流畅度佳,反应灵敏,十分大气,做工一流,十分酷炫,质量上乘,倍感舒适,功能齐全,辨识度高,方便快捷,
2022,08,29,Monday,10:22,联想拯救者Y9000X 英特尔酷睿i7 16英寸游戏笔记本电脑(12代 i7-12700H 16G 512G RTX3060 2.5k 165Hz高色域),9699.00,联想京东自营旗舰店,联想（Lenovo）,100023113083,联想拯救者Y9000X,4.05kg,中国大陆,100%sRGB,16.0-16.9英寸,165Hz,15.1-18.0mm,,,,联想 - 拯救者,游戏笔记本,Windows 11,RTX 3060,高性能游戏独立显卡,NVIDIA,intel i7,16GB,512GB,无机械硬盘,,,,拯救者Y9000X,约2.18,长358mm；宽260mm；高16.9mm,i7-12700H,第12代酷睿i7处理器,,14核,20线程,,,6GB,GDDR6,,,,2560*1600,16英寸,IPS,宽屏16：10,Thunderbolt（雷电）,,,99.99WhWh,,0.95,0.018,0.032,1600,30,50,简洁大方,十分大气,质感一流,反应灵敏,十分流畅,流畅度佳,倍感舒适,质量上乘,运行安静,方便快捷,亮度均匀,
2022,08,29,Monday,10:22,ROG幻15 2022 15.6英寸设计师轻薄高性能游戏笔记本电脑(R7-6800HS 16G 512G RTX3060 2.5K 240Hz)日蚀灰,8969.00,玩家国度ROG京东自营官方旗舰店,ROG,100019100537,ROG幻15,3.87kg,中国大陆,DCI-P3,15.0-15.9英寸,240Hz,18.1-20.0mm,灰色,,,华硕-ROG玩家国度,高端轻薄笔记本,Windows 11,RTX 3060,高性能游戏独立显卡,NVIDIA,AMD R7,16GB,512GB,无机械硬盘,,,,幻15,1.95,长355mm；宽244mm；高19.9mm,,AMD R7,,八核,16线程,4.7GHz,3.2GHz,6GB,GDDR6,192bit,4800Mhz,DDR5,2560*1440,15.6英寸,IPS,宽屏16：9,HDMI接口,耳机、麦克风二合一接口 3.5mm,,90Wh,,0.91,0.006,0.084,100,1,10,方便快捷,轻薄精巧,运行超快,运行速快,手感一流,低调奢华,运行良好,功能强大,精致美观,流畅度佳,运行稳定,
2022,08,29,Monday,10:22,联想拯救者Y7000P 2022 15.6英寸游戏笔记本电脑(12代 i7-12700H 16G 512G RTX3050 2.5k 165Hz高色域)星曜银,7999.00,联想京东自营旗舰店,联想（Lenovo）,100039856994,联想拯救者Y7000P,3.9kg,中国大陆,100%sRGB,15.0-15.9英寸,165Hz,20.0mm以上,,,,联想 - 拯救者,高端游戏笔记本,Windows 11,RTX 3050,高性能游戏独立显卡,NVIDIA,intel i7,16GB,512GB,无机械硬盘,,,,拯救者Y7000P,约2.35,长359mm；宽262mm；高22.75mm,i7-12700H,第12代酷睿i7处理器,,14核,20线程,,,,,,,,2560*1440,15.6英寸,IPS,宽屏16：9,Thunderbolt（雷电）,,,80WhWh,,0.95,0.013,0.037,200,4,8,运行稳定,十分流畅,颜值颇高,运行安静,功率稳定,键程合适,倍感舒适,有效保护,柔软顺滑,炫酷十足,轻薄精巧,
2022,08,29,Monday,11:03,联想（Lenovo） 拯救者Y7000P 2022新品酷睿i5标压高色域吃鸡游戏本 学生用笔记本电脑 升配【i5-12500H 16G内存 512固态】 满血RTX3050电竞显卡 高色域 IPS屏,7799.00,联想航电授权专卖店,联想（Lenovo）,30646311749,联想（Lenovo）Y70002022Hxxxxxx,3.96kg,中国大陆,100%sRGB,15.0-15.9英寸,165Hz,20.0mm以上,,复合材质,,联想 - 拯救者,高端游戏笔记本,Windows 11 带Office,RTX 3050,发烧级游戏光线追踪显卡,NVIDIA,intel i5,16GB,512GB,无机械硬盘,,,,拯救者Y7000p,2.45,长358.8mm；宽262.4mm；高22.75mm,i5-12500H,第12代酷睿i5处理器,,十二核,16线程,4.5GHz,,4GB,GDDR6,128bit,,DDR5,2560*1440,15.6英寸,IPS,宽屏16：9,Thunderbolt（雷电）；HDMI接口,耳机、麦克风二合一接口 3.5mm,,80Wh,,0.97,0.01,0.02,6800,70,90,运行速快,反应灵敏,运行超快,十分大气,简洁大方,十分酷炫,方便快捷,质量上乘,散热超快,简单方便,倍感舒适,
2022,08,29,Monday,11:03,戴尔(DELL) 笔记本电脑 游匣G16 16英寸2.5K游戏本(12代i7-12700H 16G 512G 3070Ti独显直连 165Hz RGB键盘),11999.00,戴尔京东自营官方旗舰店,戴尔（DELL）,100029789397,戴尔G16 7620,4.25kg,中国大陆,,16.0-16.9英寸,165Hz,20.0mm以上,,,,戴尔-游匣G系列,游戏笔记本,Windows 11 带Office,RTX 3070Ti,高性能游戏独立显卡,NVIDIA,intel i7,16GB,512GB,无机械硬盘,,,,G16 7620-R1886B,2.63,长357.26mm；宽272.11mm；高26.9mm,i7-12700H,第12代酷睿i7处理器,,14核,20线程,,,8GB,GDDR6,256bit,4800Mhz,DDR5,2560*1600,16英寸,WVA,宽屏16：10,HDMI接口；Type-C,,,86Wh,"2-5小时, 具体时间视使用环境而定",1.0,0.0,0.0,8,0,0,十分大气,十分流畅,流畅度佳,做工一流,,,,,,,,
2022,08,29,Monday,11:03,联想笔记本电脑小新Pro14 英特尔Evo平台 14英寸游戏轻薄本(标压i5 16G 512G 2.8K 90Hz护眼屏)全面屏办公本,4999.00,联想京东自营旗舰店,联想（Lenovo）,100014546493,联想小新Pro 14,2.26kg,中国大陆,100%sRGB,14.0-14.9英寸,90Hz,15.0mm及以下,银色,金属,全面屏，长续航,联想-小新Pro,轻薄笔记本,Windows 11,集成显卡,,Intel,intel i5,16GB,512GB,无机械硬盘,,,,小新Pro 14,约1.4kg,长312.4mm；宽221.4mm；高14.6mm,i5-11320H,第十一代智能英特尔酷睿i5 处理器,Intel集成显卡,四核,8线程,,,无,无,无,4266MHz,LPDDR4x,2880*1800,14英寸,IPS,宽屏16：10,Thunderbolt（雷电）,耳机、麦克风二合一接口 3.5mm,,61Wh,"＞12小时, 具体时间视使用环境而定",0.94,0.024,0.036,12000,300,400,运行稳定,轻薄精巧,反应灵敏,十分大气,方便快捷,运行超快,小巧可爱,简单方便,散热超快,倍感舒适,质量上乘,
2022,08,29,Monday,11:03,惠普(HP)暗影精灵8Pro 16.1英寸游戏本电脑(AMD R7-6800H RTX3060 6G独显 16G 512GSSD 2.5K 165Hz),8499.00,惠普（HP）OMEN暗影精灵京东自营旗舰店,惠普（HP）,100033116047,惠普16-n0076AX,4.0kg,中国大陆,100%sRGB,16.0-16.9英寸,165Hz,20.0mm以上,黑色,金属+复合材质,,惠普-暗影精灵,游戏笔记本,Windows 11,RTX 3060,高性能游戏独立显卡,NVIDIA,AMD R7,16GB,512GB,无机械硬盘,,,,16-n0076AX,2.4kg,长369mm；宽248mm；高23mm,R7-6800H,AMD R7,,八核,16线程,4.7GHz,3.2GHz,6GB,GDDR6,192bit,4800Mhz,,2560*1440,16.1英寸,IPS,宽屏16：9,Type-C；HDMI接口,,,83Wh,,1.0,0.0,0.0,10,0,0,,,,,,,,,,,,
2022,08,29,Monday,11:04,联想拯救者Y7000P 2022英特尔酷睿i7 15.6英寸游戏笔记本电脑 12代i7-12700H 16G 512G RTX3050Ti 2.5k电竞屏,8299.00,联想京东自营旗舰店,联想（Lenovo）,100033822508,联想拯救者Y7000P,4.3kg,中国大陆,100%sRGB,15.0-15.9英寸,165Hz,20.0mm以上,灰色,,,联想 - 拯救者,游戏笔记本,Windows 11,RTX 3050Ti,高性能游戏独立显卡,NVIDIA,intel i7,16GB,512GB,无机械硬盘,,,,拯救者Y7000P,约2.35,长358.8mm；宽262.4mm；高22.75mm,i7-12700H,第12代酷睿i7处理器,,14核,20线程,,,4GB,GDDR6,,,,2560*1440,15.6英寸,广视角,宽屏16：9,Thunderbolt（雷电）,耳机、麦克风二合一接口 3.5mm,,80WhWh,,0.96,0.01,0.03,1100,10,20,十分大气,反应灵敏,十分流畅,纯正艳丽,流畅度佳,时尚大气,倍感舒适,手感一流,简单方便,质量上乘,运行安静,
2022,08,29,Monday,11:04,联想（Lenovo） 拯救者R9000P游戏笔记本电脑满血版3060电竞独显锐龙R7-5800H八核 16G内存 512G固态 标配版 16英寸专业电竞屏｜2.5K超清｜ 165Hz高刷,8788.00,联想西南授权专卖店,联想（Lenovo）,10028558177307,联想（Lenovo）Lenovo Legion R9000P,4.0kg,中国大陆,100%sRGB,16.0-16.9英寸,165Hz,20.0mm以上,灰色,金属+复合材质,,联想 - 拯救者,高端游戏笔记本,Windows 11,RTX 3060,发烧级游戏光线追踪显卡,NVIDIA,AMD R7,16GB,512GB,无机械硬盘,5-7小时,,,拯救者R9000P,2.58,长360mm；宽264mm；高23.5mm,R7-5800H,AMD R7,,八核,16线程,4.4GHz,3.2GHz,6GB,GDDR6,192bit,3200MHz,DDR4,2560*1600,16英寸,IPS,宽屏16：10,Type-C；HDMI接口,耳机、麦克风二合一接口 3.5mm,100-240V自适应交流电源适配器,80Wh,"5-8小时, 具体时间视使用环境而定",0.97,0.009,0.021,6200,60,90,运行速快,反应灵敏,十分流畅,十分大气,霸气侧漏,简洁大方,散热超快,质量上乘,方便快捷,手感一流,倍感舒适,
2022,08,29,Monday,11:04,七彩虹（Colorful）将星X15-AT15.6英寸高性能电竞轻薄游戏笔记本电脑((i9-12900H RTX3060 16G 512G 144Hz ),7399.00,七彩虹（Colorful）电脑官方京东自营旗舰店,七彩虹（Colorful）,100027146999,七彩虹七彩虹将星X15笔记本电脑,2.5kg,中国大陆,,15.0-15.9英寸,144Hz,20.0mm以上,,,,七彩虹-将星系列,游戏笔记本,Windows 11 不带Office,RTX 3060,高性能游戏独立显卡,NVIDIA,intel i9,16GB,512GB,无机械硬盘,,,,七彩虹将星X15 AT系列,2.5,,i9-12900H,第12代酷睿i9处理器,,14核,20线程,4.7GHz,2.3GHz,6GB,GDDR6,192bit,3200MHz,DDR4,1920*1080,15.6英寸,IPS,宽屏16：9,HDMI接口,,100-240V自适应交流电源适配器,54Wh,"<2小时, 具体时间视使用环境而定",1.0,0.0,0.0,90,0,0,运行超快,十分大气,尺寸合适,设计超赞,流畅度佳,,,,,,,
2022,08,29,Monday,11:04,惠普（HP） 光影精灵8Victus游戏电竞性能直播笔记本电脑暗影精灵12代酷睿独显ddr5背光键盘 RTX 3050/i5-12500H/高色域,6899.00,惠普中国京东自营官方旗舰店,惠普（HP）,10046563584200,惠普（HP）光影精灵Victus,3.65kg,,100%sRGB,16.0-16.9英寸,60Hz,20.0mm以上,黑色,复合材质,,惠普-光影精灵,高端游戏笔记本,Windows 11,RTX 3050,高性能游戏独立显卡,NVIDIA,intel i5,16GB,512GB,无机械硬盘,小于5小时,,,16-d1001TX,2.47,长370mm；宽260mm；高23.5mm,i5-12500H,第12代酷睿i5处理器,Intel集成显卡,十二核,16线程,4.5GHz,2.5GHz,4GB,,128bit,4800Mhz,DDR5,1920*1080,16.1英寸,IPS,宽屏16：9,Type-C,,200W AC适配器,70Wh,"<2小时, 具体时间视使用环境而定",0.99,0.007,0.003,300,2,1,运行速快,十分大气,反应灵敏,简洁大方,运行超快,运行安静,功能齐全,做工一流,触感一流,质量上乘,办公足够,
2022,08,29,Monday,11:04,戴尔(DELL) 笔记本电脑 游匣G15 15.6英寸游戏本(新12代i5-12500H 16G DDR5 512G RTX3050 120Hz)耀夜黑,6599.00,戴尔京东自营官方旗舰店,戴尔（DELL）,100034066824,戴尔G15 5520,3.85kg,中国大陆,,15.0-15.9英寸,120Hz,20.0mm以上,,,,戴尔-游匣G系列,游戏笔记本,Windows 11 带Office,RTX 3050,高性能游戏独立显卡,NVIDIA,intel i5,16GB,512GB,无机械硬盘,,,,G15 5520-R1646B,2.672,长357.26mm；宽272.11mm；高26.9mm,i5-12500H,第12代酷睿i5处理器,,十二核,16线程,4.5GHz,,4GB,GDDR6,128bit,4800Mhz,DDR5,1920*1080,15.6英寸,WVA,宽屏16：9,HDMI接口,,,56Wh,"2-5小时, 具体时间视使用环境而定",0.95,0.014,0.036,600,10,20,运行稳定,游戏性能强,十分大气,散热超快,做工一流,运行安静,简洁大方,倍感舒适,质量上乘,使用顺手,手感一流,
2022,08,29,Monday,11:04,"机械革命蛟龙5＆7E增强版 2022款游戏笔记本电脑 满血3060高性能独显直连 高刷电竞屏 旗舰店 15.6"" R7 16G 512G 3060满血版",7599.00,机械革命游戏本京东自营旗舰店,机械革命（MECHREVO）,10052102040371,机械革命（MECHREVO）机械革命蛟龙,3.9kg,,,15.0-15.9英寸,240Hz,20.0mm以上,,金属+复合材质,,机械革命蛟龙,高端游戏笔记本,Windows 11 不带Office,RTX 3060,高性能游戏独立显卡,NVIDIA,AMD R7,16GB,512GB,无机械硬盘,小于5小时,,,机械革命蛟龙5,2.5,长360.2mm；宽243.5mm；高23.6mm,R7-5800H,AMD R7,AMD集成显卡,八核,16线程,4.4GHz,3.2GHz,6GB,GDDR6,192bit,,,1920*1080,15.6英寸,LED,宽屏16：9,HDMI接口,,180W AC适配器,46.74Wh,,0.99,0.01,0.0,1000,1,0,十分大气,反应灵敏,简洁大方,十分流畅,运行超快,霸气侧漏,流畅度佳,质量上乘,倍感舒适,简单方便,画质无暇,
2022,08,29,Monday,11:04,ROG 魔霸6 Plus AMD锐龙R9 2.5K 240Hz电竞屏高端游戏本笔记本电脑 R9-6900HX RTX 3070Ti 16GB 1TB SSD 17.3英寸 日蚀灰,11999.00,玩家国度ROG官方旗舰店,ROG,10047106295413,ROG魔霸6 Plus,4.0kg,,DCI-P3,17.3英寸,240Hz,20.0mm以上,,金属+复合材质,,华硕-ROG玩家国度,高性能轻薄笔记本,Windows 11,RTX 3070Ti,发烧级游戏光线追踪显卡,NVIDIA,AMD R9,16GB,1TB,无机械硬盘,小于5小时,,,魔霸6 Plus,约2.9kg,长395mm；宽282mm；高28mm,R9-6900HX,AMD R9,AMD集成显卡,八核,16线程,4.9GHz,3.3GHz,8GB,GDDR6,,4800Mhz,DDR5,2560*1440,17.3英寸,IPS,宽屏16：9,HDMI接口,耳机、麦克风二合一接口 3.5mm,100-240V自适应交流电源适配器,90Wh,"2-5小时, 具体时间视使用环境而定",0.98,0.016,0.004,800,5,4,十分酷炫,流畅度佳,美观大方,十分流畅,纯正艳丽,质量上乘,外观酷炫,顺滑流畅,运行安静,音效超棒,柔软顺滑,
2022,08,29,Monday,11:04,联想（Lenovo）小新air15 2022新品12代酷睿i5可选超轻薄笔记本电脑办公设计游戏本 21款 i5-1155G7 16G 512G 标配 15.6英寸高清大屏｜高色域｜低蓝光,4988.00,联想西南授权专卖店,联想（Lenovo）,10052477978505,联想（Lenovo）小新Air15 2022,2.0kg,,100%sRGB,15.0-15.9英寸,60Hz,15.1-18.0mm,银色,金属,PCI-E高速固态硬盘，背光键盘，指纹识别,联想-小新Air,高性能轻薄笔记本,Windows 11,intel 集成显卡,,Intel,intel i5,16GB,512GB,无机械硬盘,,,,小新Air15 2021,1.75,长356.67mm；宽233.13mm；高16.9mm,i5-1155G7,,Intel集成显卡,四核,8线程,,,,无,无,,,1920*1080,15.6英寸,IPS,宽屏16：9,HDMI接口,耳机、麦克风二合一接口 3.5mm,,76Wh,">8小时, 具体时间视使用环境而定",0.99,0.008,0.002,1400,5,4,反应灵敏,十分大气,运行超快,轻薄精巧,简洁大方,方便快捷,十分流畅,散热超快,简单方便,倍感舒适,质量上乘,
2022,08,29,Monday,11:04,戴尔（DELL） 游匣G15 5511 5520 15.6英寸窄边框学生电竞可独显直连游戏笔记本电脑 12代i5-12500H RTX3050 高刷新 16GB 512G固态 标配,6569.00,戴尔宇熙世纪专卖店,戴尔（DELL）,31951959391,戴尔（DELL） 游匣G15 5511 5520 15.6英寸窄边框学生电竞可独显直连游戏笔记本电脑 12代i5-12500H RTX3050 高刷新 16GB 512G固态 标配,3.0kg,,,15.0-15.9英寸,120Hz,20.0mm以上,,,,戴尔-游匣G系列,高端游戏笔记本,Windows 11 带Office,RTX 3050,高性能游戏独立显卡,NVIDIA,intel i5,16GB,512GB,无机械硬盘,5-7小时,,,G15 5520,2.5,长358mm；宽274mm；高25.4mm,,第12代酷睿i5处理器,Intel集成显卡,十二核,16线程,4.5GHz,2.5GHz,4GB,GDDR6,128bit,4800Mhz,DDR5,1920*1080,15.6英寸,WVA,宽屏16：9,Type-C；HDMI接口,,100-240V自适应交流电源适配器,56Wh,"5-8小时, 具体时间视使用环境而定",0.97,0.009,0.021,3200,30,40,运行速快,反应灵敏,美观大方,十分流畅,十分大气,倍感舒适,尺寸合适,质量上乘,功能强大,网速极佳,柔软顺滑,
2022,08,29,Monday,11:04,戴尔（DELL） 游匣G15 5511 5520 15.6英寸窄边框轻薄标压游戏本笔记本电脑 i5-11260H RTX3050 4G独显 16G内存 512GPCIE固态 标配版,5799.00,戴尔华宏创天专卖店,戴尔（DELL）,48284850709,戴尔（DELL） 游匣G15 5511 5520 15.6英寸窄边框轻薄标压游戏本笔记本电脑 i5-11260H RTX3050 4G独显 16G内存 512GPCIE固态 标配版,2.5kg,,,15.0-15.9英寸,120Hz,18.1-20.0mm,黑色,复合材质,,戴尔-游匣G系列,高端游戏笔记本,Windows 10 带Office,RTX 3050,高性能游戏独立显卡,NVIDIA,intel i5,16GB,512GB,无机械硬盘,小于5小时,,,游匣G15-5511,2.5,长357.26mm；宽272.11mm；高21.21mm,i5-11260H,第十一代i5处理器,,六核,12线程,4.4GHz,2.6GHz,4GB,GDDR6,,,,1920*1080,15.6英寸,IPS,宽屏16：9,HDMI接口,,100-240V自适应交流电源适配器,51Wh,"2-5小时, 具体时间视使用环境而定",0.97,0.004,0.026,400,2,7,反应灵敏,十分流畅,十分大气,流畅度佳,柔软顺滑,外型酷炫,质量上乘,运行安静,毫无异味,设计超赞,,
2022,08,29,Monday,11:04,雷神（ThundeRobot） 911Air星战12代酷睿15.6英寸电竞游戏本笔记本电脑轻薄学生本 i5-12450H/GTX1650-4G独显 8G/512G PCIe固态/官方标配,5699.00,雷神汇智云端专卖店,雷神（ThundeRobot）,10056887572314,雷神（ThundeRobot）911Air,3.5kg,,45%NTSC,15.0-15.9英寸,144Hz,20.0mm以上,,金属+复合材质,,雷神-911星战,高端游戏笔记本,Windows 11 不带Office,GTX 1650,高性能游戏独立显卡,NVIDIA,intel i5,8GB,512GB,无机械硬盘,,,,911Air,2.2,长359.2mm；宽253.8mm；高23.09mm,i5-12450H,第12代酷睿i5处理器,,八核,12线程,4.4GHz,2.0GHz,4GB,GDDR6,128bit,3200MHz,DDR4,1920*1080,15.6英寸,IPS,宽屏16：9,HDMI接口；Type-C,耳机、麦克风二合一接口 3.5mm,100-240V自适应交流电源适配器,51.85Wh,,1.0,0.0,0.0,10,0,0,十分大气,运行快速,玩游戏必备,倍感舒适,美观大方,清晰流畅,,,,,,
2022,08,29,Monday,11:04,联想拯救者Y7000P 2022 15.6英寸游戏笔记本电脑(12代 i7-12700H 16G 512G RTX3050 2.5k 165Hz高色域)钛晶灰,7999.00,联想京东自营旗舰店,联想（Lenovo）,100019125571,联想拯救者Y7000P,4.3kg,中国大陆,100%sRGB,15.0-15.9英寸,165Hz,20.0mm以上,灰色,,,联想 - 拯救者,游戏笔记本,Windows 11,RTX 3050,高性能游戏独立显卡,NVIDIA,intel i7,16GB,512GB,无机械硬盘,,,,拯救者Y7000P,约2.35,长358.8mm；宽262.4mm；高22.75mm,i7-12700H,第12代酷睿i7处理器,,14核,20线程,,,4GB,GDDR6,128bit,,,2560*1440,15.6英寸,广视角,宽屏16：9,Thunderbolt（雷电）,耳机、麦克风二合一接口 3.5mm,,80WhWh,,0.96,0.014,0.026,1200,10,30,运行稳定,反应灵敏,十分流畅,十分大气,简洁大方,手感一流,倍感舒适,通透清晰,方便快捷,质量上乘,顺滑流畅,
2022,08,29,Monday,11:04,七彩虹(Colorful)将星X15-XS12代酷睿15.6英寸游戏笔记本电脑(i7-12700H RTX3050TI 16G 512G 144Hz 苍珀蓝),5799.00,七彩虹（Colorful）电脑官方京东自营旗舰店,七彩虹（Colorful）,100016530615,七彩虹七彩虹将星X15笔记本电脑,3.45kg,中国大陆,,15.0-15.9英寸,144Hz,20.0mm以上,,,,七彩虹-将星系列,游戏笔记本,Windows 11 不带Office,RTX 3050Ti,高性能游戏独立显卡,NVIDIA,intel i7,16GB,512GB,无机械硬盘,,,,七彩虹将星X15 XS系列,2.5,,i7-12700H,第12代酷睿i7处理器,,14核,20线程,4.7GHz,2.3GHz,4GB,GDDR6,128bit,3200MHz,DDR4,1920*1080,15.6英寸,IPS,宽屏16：9,HDMI接口,,100-240V自适应交流电源适配器,54Wh,"<2小时, 具体时间视使用环境而定",0.98,0.017,0.003,1200,10,5,运行速快,反应灵敏,十分大气,运行超快,散热超快,大气稳重,简洁大方,倍感舒适,简单方便,方便快捷,手感一流,
2022,08,29,Monday,11:04,华硕天选3 Plus 12代英特尔酷睿i7 17.3英寸游戏笔记本电脑(i7-12700H 16G 512G RTX3070 360Hz高色域)灰,10499.00,华硕京东自营官方旗舰店,华硕（ASUS）,100018313957,华硕天选3Plus,4.55kg,中国大陆,100%sRGB,17.3英寸,360Hz,20.0mm以上,灰色,金属+复合材质,,华硕-天选,游戏笔记本,Windows 11,RTX 3070,发烧级游戏光线追踪显卡,NVIDIA,intel i7,16GB,512GB,无机械硬盘,,,,天选3Plus,约2.6kg,长395mm；宽264mm；高22.9mm,i7-12700H,第12代酷睿i7处理器,,14核,20线程,4.7GHz,2.3GHz,8GB,GDDR6,256bit,4800Mhz,DDR5,1920*1080,17.3英寸,IPS,宽屏16：9,HDMI接口,,,90Wh,,0.93,0.017,0.053,300,7,10,运行速快,高端大气,运行超快,造型养眼,颜值颇高,手感一流,质量上乘,散热超快,方便快捷,倍感舒适,柔软顺滑,
2022,08,29,Monday,11:04,神舟（HASEE） 战神Z7/Z8/T8 RTX3050/3060 满血独显游戏本学生办公笔记本电脑 Z8-TA5豪华版 i5/16G/1TB/3060 背光键盘 双风扇散热,6399.00,神舟电脑专卖店,神舟（HASEE）,27689962575,神舟（HASEE） 战神Z7/Z8/T8 RTX3050/3060 满血独显游戏本学生办公笔记本电脑 Z8-TA5豪华版 i5/16G/1TB/3060 背光键盘 双风扇散热,2.2kg,,100%sRGB,15.0-15.9英寸,165Hz,15.1-18.0mm,,,,神舟-战神,高端游戏笔记本,Windows 10 不带Office,RTX 3060,发烧级游戏光线追踪显卡,NVIDIA,intel i5,16GB,1TB,无机械硬盘,小于5小时,,,Z8-TA5NS,2.5,,i5-11260H,第十一代i5处理器,Intel集成显卡,六核,12线程,4.4GHz,2.6GHz,6GB,GDDR6,,3200MHz,,2560*1440,15.6英寸,IPS,宽屏16：9,MINI DP接口；HDMI接口,,,47Wh,"2-5小时, 具体时间视使用环境而定",0.96,0.008,0.032,600,5,10,运行速快,十分流畅,外型帅气,反应灵敏,散热超快,高端大气,简洁大方,简单方便,背光酷炫,操作简单,,
2022,08,29,Monday,11:04,机械革命游戏笔记本电脑 新Z3Pro 2022款极光 满血3060-6G独显直连轻薄电竞设计 旗舰店 i5-11260H 16G 512G 144HZ 15.6英寸,6899.00,机械革命游戏本京东自营旗舰店,机械革命（MECHREVO）,10058144790889,机械革命（MECHREVO）机械革命z3pro,3.46kg,,,15.0-15.9英寸,144Hz,20.0mm以上,,金属+复合材质,,机械革命-深海幽灵系列,高端游戏笔记本,Windows 11 不带Office,RTX 3060,高性能游戏独立显卡,NVIDIA,intel i5,16GB,512GB,无机械硬盘,小于5小时,,,机械革命Z3 pro,1.96,,i5-11260H,,Intel集成显卡,六核,12线程,4.4GHz,2.6GHz,,,,,,1920*1080,15.6英寸,LED,宽屏16：9,HDMI接口,,180W AC适配器,46.74Wh,,1.0,0.0,0.0,80,0,0,十分流畅,流畅度佳,时尚大气,倍感舒适,稳定性佳,小巧易携,轻薄精巧,加载很快,,,,
2022,08,29,Monday,11:04,华硕天选3 12代英特尔酷睿i7 15.6英寸游戏笔记本电脑(i7-12700H 16G 512G RTX3060 2.5K 165Hz 100%P3)青,9299.00,华硕京东自营官方旗舰店,华硕（ASUS）,100032610338,华硕天选3,4.05kg,中国大陆,DCI-P3,15.0-15.9英寸,165Hz,20.0mm以上,,,,华硕-天选,游戏笔记本,Windows 11,RTX 3060,发烧级游戏光线追踪显卡,NVIDIA,intel i7,16GB,512GB,无机械硬盘,,,,天选3,约2.2,长354mm；宽251mm；高22.4mm,i7-12700H,第12代酷睿i7处理器,,14核,20线程,4.7GHz,2.3GHz,6GB,GDDR6,192bit,4800Mhz,DDR5,2560*1440,15.6英寸,IPS,宽屏16：9,HDMI接口,,,90Wh,,0.95,0.018,0.032,2000,40,60,运行稳定,运行超快,十分大气,反应灵敏,通透清晰,时尚大气,散热超快,方便快捷,倍感舒适,质量上乘,效果惊艳,
2022,08,29,Monday,11:04,宏碁新暗影骑士·擎Pro 游戏笔记本电脑 2022款12代英特尔酷睿高性能 165hz电竞屏 旗舰店 i5-12500H丨DDR4内存丨3050Ti满血 【官方标配】16G 512G PCI-e4.0,7399.00,Acer宏碁旗舰店,宏碁（acer）,10044071707785,宏碁（acer）宏碁暗影骑士2022款,4.0kg,中国大陆,100%sRGB,15.0-15.9英寸,165Hz,20.0mm以上,,,,宏碁-暗影骑士,高端游戏笔记本,Windows 11,RTX 3050Ti,发烧级游戏光线追踪显卡,NVIDIA,intel i5,16GB,512GB,无机械硬盘,,,,宏碁暗影骑士·擎2022款,2.5,长360.4mm；宽271.09mm；高26.75mm,i5-12500H,第12代酷睿i5处理器,,十二核,16线程,4.5GHz,2.5GHz,4GB,GDDR6,128bit,3200MHz,DDR4,1920*1080,15.6英寸,IPS,宽屏16：9,Thunderbolt（雷电）；HDMI接口,耳机、麦克风二合一接口 3.5mm,,57Wh,,0.99,0.009,0.001,700,1,1,反应灵敏,十分流畅,十分酷炫,十分大气,运行超快,纯正艳丽,倍感舒适,柔软顺滑,质量上乘,按键舒服,毫无异味,
2022,08,29,Monday,11:04,联想拯救者R9000P 2022 16英寸游戏笔记本电脑(8核16线程R7-6800H 16G 512G RTX3060 2.5k 165Hz高色域)灰,9099.00,联想京东自营旗舰店,联想（Lenovo）,100023239577,联想拯救者R9000P,4.58kg,中国大陆,100%sRGB,16.0-16.9英寸,165Hz,18.1-20.0mm,灰色,,,联想 - 拯救者,游戏笔记本,Windows 11,RTX 3060,高性能游戏独立显卡,NVIDIA,AMD R7,16GB,512GB,无机械硬盘,,,,拯救者R9000P,约2.55,长360mm；宽264mm；高19.9mm,R7-6800H,AMD R7,AMD集成显卡,八核,16线程,,,6GB,GDDR6,,4800Mhz,DDR5,2560*1600,16英寸,IPS,宽屏16：10,HDMI接口,耳机、麦克风二合一接口 3.5mm,,80Wh,,0.97,0.007,0.023,2700,20,40,运行稳定,十分大气,十分流畅,反应灵敏,简洁大方,做工一流,质量上乘,传输快捷,方便快捷,倍感舒适,亮度均匀,
2022,08,29,Monday,11:04,惠普（HP） 光影精灵8Pro 新12代高颜值高性能 轻薄电竞游戏本 暗影精灵高端暗夜笔记本电脑 爆【新12代i7】RTX3050Ti-4G 高色域 【官方标配】16G内存 512G PCIE固态 1,7599.00,惠普授权旗舰店,惠普（HP）,10044059283498,惠普（HP）光影精灵8,3.31kg,,100%sRGB,15.0-15.9英寸,60Hz,20.0mm以上,黑色,复合材质,,惠普-光影精灵,高端游戏笔记本,Windows 11 带Office,RTX 3050Ti,发烧级游戏光线追踪显卡,NVIDIA,intel i7,16GB,512GB,无机械硬盘,小于5小时,,,光影精灵8,2.49,长357.9mm；宽255mm；高23.5mm,i7-12650H,第12代酷睿i7处理器,,十核,16线程,4.7GHz,2.3GHz,4GB,GDDR6,128bit,,,1920*1080,15.6英寸,LED,宽屏16：9,HDMI接口,耳机、麦克风二合一接口 3.5mm,,70Wh,,1.0,0.0,0.0,600,0,0,运行稳定,反应灵敏,十分大气,运行超快,时尚大气,做工一流,散热超快,倍感舒适,方便快捷,柔软顺滑,质量上乘,
2022,08,29,Monday,11:04,联想拯救者Y9000P 2022 16英寸游戏笔记本电脑(12代 i7-12700H 16G 512G RTX3060 2.5k 165Hz高色域)冰魄白,10488.00,联想京东自营旗舰店,联想（Lenovo）,100023113079,联想拯救者Y9000P,4.65kg,中国大陆,100%sRGB,16.0-16.9英寸,165Hz,20.0mm以上,,,,联想 - 拯救者,高端游戏笔记本,Windows 11,RTX 3060,高性能游戏独立显卡,NVIDIA,intel i7,16GB,512GB,无机械硬盘,,,,拯救者Y9000P,约2.53,长360mm；宽264mm；高26.4mm,i7-12700H,第12代酷睿i7处理器,,14核,20线程,,,,,,,,2560*1600,16英寸,IPS,宽屏16：10,Thunderbolt（雷电）,,,80WhWh,,0.97,0.009,0.021,400,4,6,高端大气,流畅度佳,简洁大方,运行超快,做工一流,质量上乘,,,,,,
2022,08,29,Monday,11:04,ROG幻X 第12代英特尔酷睿13.4英寸高色域触控全面屏二合一轻薄游戏笔记本电脑(i5-12500H 16G 512G 120Hz),8499.00,玩家国度ROG京东自营官方旗舰店,ROG,100032747646,ROG幻X,3.0kg,中国大陆,,13.0-13.9英寸,120Hz,15.0mm及以下,黑色,,,华硕-ROG玩家国度,高端游戏笔记本,Windows 11,集成显卡,集成显卡,Intel,intel i5,16GB,512GB,无机械硬盘,,,,幻X,约1.2,长303mm；宽205mm；高12.9mm,i5-12500H,第12代酷睿i5处理器,,十二核,16线程,4.5GHz,2.5GHz,,,,5200MHz,LPDDR5,1920*1200,13.4英寸,IPS,宽屏16：10,Thunderbolt（雷电）,,,56Wh,,0.91,0.025,0.065,100,5,10,科技感强,外型酷炫,做工一流,反应灵敏,简单方便,十分流畅,倍感舒适,按键舒服,系统充足,运行安静,柔软顺滑,
2022,08,29,Monday,11:04,荣耀剑舞 国行2022新品12代全面屏笔记本电脑轻薄本游戏本学生商务商用办公本高性能高端超薄手提电脑 高配玫瑰金【英特尔12代+指纹+全面屏】 16GB运存+256G超速硬盘,2198.00,荣耀剑舞旗舰店,荣耀剑舞,10057424775697,荣耀剑舞N158,1.8kg,,,15.0-15.9英寸,60Hz,15.0mm及以下,,,指纹识别，全面屏，大内存（16GB及以上）,,高端轻薄笔记本,Windows 11 Pro专业版,集成显卡,,,intel 赛扬,16GB,1TB,无机械硬盘,,,,N158,1.8,长340mm；宽240mm；高12mm,N5095,,Intel集成显卡,四核,,,,,无,无,,,1920*1080,15.6英寸,IPS,宽屏16：9,HDMI接口,,,5000Wh,"2-5小时, 具体时间视使用环境而定",1.0,0.0,0.0,5,0,0,质量上乘,,,,,,,,,,,
2022,08,29,Monday,11:05,联想拯救者Y9000X2022 英特尔酷睿i7 16英寸游戏笔记本电脑(12代i7-12700H 16G 512GB RTX3050Ti 2.5k电竞屏),8699.00,联想京东自营旗舰店,联想（Lenovo）,100039856996,联想拯救者Y9000X,3.74kg,中国大陆,100%sRGB,16.0-16.9英寸,165Hz,15.1-18.0mm,,,,联想 - 拯救者,游戏笔记本,Windows 11,RTX 3050Ti,高性能游戏独立显卡,NVIDIA,intel i7,16GB,512GB,无机械硬盘,,,,拯救者Y9000X,约2.18,长358mm；宽260mm；高16.9mm,i7-12700H,第12代酷睿i7处理器,Intel集成显卡,14核,20线程,,,4GB,GDDR6,128bit,4800Mhz,DDR5,2560*1600,16英寸,IPS,宽屏16：10,Thunderbolt（雷电）；HDMI接口,,,99.99WhWh,,0.96,0.005,0.035,100,1,5,时尚大气,反应灵敏,设计感强,简洁大方,灵敏度佳,质量上乘,功能强大,方便快捷,毫无异味,清晰流畅,运行超快,
2022,08,29,Monday,11:05,神舟(HASEE)战神S7-DA5NS 新12代i5-12500H RTX3050 15.6英寸游戏笔记本电脑(16G 512G 144Hz IPS),5299.00,神舟电脑京东自营旗舰店,神舟（HASEE）,100025610757,神舟战神S7-DA5NS,3.0kg,中国大陆,,15.0-15.9英寸,144Hz,20.0mm以上,,,,神舟-战神,游戏笔记本,Windows 11 不带Office,RTX 3050,高性能游戏独立显卡,NVIDIA,intel i5,16GB,512GB,无机械硬盘,,,,战神S7-DA5NS,2.15,长359.2mm；宽253.8mm；高23.09mm,i5-12500H,第12代酷睿i5处理器,Intel集成显卡,十二核,16线程,4.5GHz,2.5GHz,4GB,GDDR6,,3200MHz,DDR4,1920*1080,15.6英寸,IPS,宽屏16：9,HDMI接口,,,51.28Wh,"2-5小时, 具体时间视使用环境而定",0.99,0.001,0.009,500,1,3,运行稳定,反应灵敏,十分大气,游戏性能强,简洁大方,做工一流,散热超快,手感一流,使用顺手,功能齐全,运行安静,
2022,08,29,Monday,11:05,宏碁2022款 暗影骑士龙 15.6英寸165Hz游戏笔记本电脑(新锐龙R7-6800H 16G-DDR5 512G 满血RTX3050Ti 高刷),6499.00,宏碁京东自营旗舰店,宏碁（acer）,100039755704,宏碁暗影骑士龙,4.0kg,中国大陆,100%sRGB,15.0-15.9英寸,165Hz,20.0mm以上,黑色,复合材质,,宏碁-暗影骑士,游戏笔记本,Windows 11 带Office,RTX 3050Ti,高性能游戏独立显卡,NVIDIA,AMD R7,16GB,512GB,无机械硬盘,小于5小时,,,N22C1-AN515,2.5,长360mm；宽271mm；高26mm,R7-6800H,AMD R7,,八核,16线程,4.7GHz,3.2GHz,4GB,GDDR6,,4800Mhz,DDR5,1920*1080,15.6英寸,IPS,宽屏16：9,HDMI接口,耳机、麦克风二合一接口 3.5mm,100-240V自适应交流电源适配器,57.5Wh,"2-5小时, 具体时间视使用环境而定",0.97,0.0,0.03,90,0,2,反应灵敏,十分酷炫,十分厚实,,,,,,,,,
2022,08,29,Monday,11:05,联想拯救者Y7000P 2022 15.6英寸游戏笔记本电脑(12代 i7-12700H 16G 512G RTX3050Ti 2.5k 165Hz高色域)银,8299.00,联想京东自营旗舰店,联想（Lenovo）,100023147719,联想拯救者Y7000P,4.0kg,中国大陆,100%sRGB,15.0-15.9英寸,165Hz,20.0mm以上,,,,联想 - 拯救者,高端游戏笔记本,Windows 11,RTX 3050Ti,高性能游戏独立显卡,NVIDIA,intel i7,16GB,512GB,无机械硬盘,,,,拯救者Y7000P,约2.35,长359mm；宽262mm；高22.75mm,i7-12700H,第12代酷睿i7处理器,,14核,20线程,,,,,,,,2560*1440,15.6英寸,IPS,宽屏16：9,Thunderbolt（雷电）,,,80WhWh,,0.95,0.01,0.04,300,4,10,美观大方,运行超快,十分大气,通透清晰,运行快速,功能丰富,质量上乘,手感十足,力度强大,毫无坏点,柔软顺滑,
2022,08,29,Monday,11:05,小米游戏本Redmi G 2022款2.5K 165Hz电竞屏红米笔记本电脑办公编程PS设计手提本 12代i5-12450H 光追RTX3050 16G+512G 16.1英寸高色域 战舰灰,6269.00,小米官方授权专卖店,小米（MI）,10027842342991,小米游戏本Redmi G 2022款2.5K 165Hz电竞屏红米笔记本电脑办公编程PS设计手提本 12代i5-12450H 光追RTX3050 16G+512G 16.1英寸高色域 战舰灰,5.0kg,,100%sRGB,16.0-16.9英寸,165Hz,20.0mm以上,,复合材质,,小米Redmi G,高端游戏笔记本,Windows 11 带Office,RTX 3050,发烧级游戏光线追踪显卡,NVIDIA,intel i5,16GB,512GB,无机械硬盘,,,,Redmi G 2022款,2.4,长360.5mm；宽261.1mm；高22.3mm,i5-12450H,第12代酷睿i5处理器,,八核,12线程,,,4GB,GDDR6,128bit,4800Mhz,DDR5,2560*1600,16.1英寸,LCD,宽屏16：10,MINI DP接口；Thunderbolt（雷电）；HDMI接口,,180W AC适配器,55Wh,,0.97,0.019,0.011,600,10,8,运行稳定,反应灵敏,流畅度佳,外型帅气,做工一流,简单方便,质量上乘,柔软顺滑,时尚大气,倍感舒适,方便快捷,
2022,08,29,Monday,11:05,"机械革命蛟龙5＆7E增强版 2022款游戏笔记本电脑 满血3060高性能独显直连 高刷电竞屏 旗舰店 15.6"" R5 16G 512G 3060满血版",6799.00,机械革命游戏本京东自营旗舰店,机械革命（MECHREVO）,10053671609617,机械革命（MECHREVO）机械革命蛟龙,3.9kg,,45%NTSC,15.0-15.9英寸,144Hz,20.0mm以上,灰色,金属+复合材质,,机械革命蛟龙,高端游戏笔记本,Windows 11 不带Office,RTX 3060,高性能游戏独立显卡,NVIDIA,AMD R5,16GB,512GB,无机械硬盘,小于5小时,,,机械革命蛟龙,2.5,长360.2mm；宽243.5mm；高23mm,R5-5600H,AMD R5,AMD集成显卡,六核,12线程,4.2GHz,3.3GHz,6GB,GDDR6,192bit,3200MHz,DDR4,1920*1080,15.6英寸,LED,宽屏16：9,HDMI接口,,180W AC适配器,46.74Wh,"2-5小时, 具体时间视使用环境而定",1.0,0.0,0.0,1000,0,0,运行速快,十分大气,反应灵敏,简洁大方,十分流畅,外型帅气,散热超快,方便快捷,质量上乘,功能强大,超长待机,
2022,08,29,Monday,11:05,机械革命Z3PRO进阶版3060 笔记本电脑 极光Air E高性能电竞轻薄学生设计办公游戏本 I5RTX3060支持独显直连144HZ 游戏全能:16G512GPCIE,6488.00,机械革命旗舰店,机械革命（MECHREVO）,41847385984,机械革命（MECHREVO）机械革命深海幽灵Z2Air,2.0kg,中国大陆,45%NTSC,15.0-15.9英寸,144Hz,20.0mm以上,灰色,复合材质,,机械革命-深海幽灵系列,高端游戏笔记本,Windows 11 不带Office,RTX 3060,高性能游戏独立显卡,NVIDIA,intel i5,16GB,512GB,无机械硬盘,小于5小时,,,机械革命Z3pro,2,长360.2mm；宽243.5mm；高23mm,i5-11260H,第十一代i5处理器,Intel集成显卡,六核,12线程,4.4GHz,2.6GHz,6GB,GDDR6,192bit,3200MHz,DDR4,1920*1080,15.6英寸,LED,宽屏16：9,Thunderbolt（雷电）；Type-C；HDMI接口,1 x 麦克风接口; 1 x 音频接口,180W AC适配器,46.74Wh,"2-5小时, 具体时间视使用环境而定",0.98,0.005,0.015,1500,8,20,运行稳定,反应灵敏,运行超快,十分大气,做工一流,时尚大气,倍感舒适,手感一流,简单方便,毫无坏点,网速极佳,
2022,08,29,Monday,11:05,华硕天选2游戏本 英特尔酷睿 高性能高颜值 笔记本电脑 酷睿i5标压 RTX 3050Ti 4G 16G 512G高速固态 144Hz高刷,6299.00,华硕电脑官方旗舰店,华硕（ASUS）,10055328438721,华硕（ASUS）天选,4.0kg,,,15.0-15.9英寸,144Hz,20.0mm以上,,金属+复合材质,,华硕-天选,高端游戏笔记本,Windows 11,RTX 3050Ti,发烧级游戏光线追踪显卡,NVIDIA,intel i5,16GB,512GB,无机械硬盘,,,,天选2,约2.3Kg,长359mm；宽256mm；高24.3mm,,,Intel集成显卡,六核,12线程,4.5GHz,2.7GHz,4GB,GDDR6,128bit,3200MHz,DDR4,1920*1080,15.6英寸,IPS,宽屏16：9,HDMI接口,耳机、麦克风二合一接口 3.5mm,100-240V自适应交流电源适配器,48Wh,,0.99,0.008,0.002,1300,8,3,反应灵敏,十分大气,十分流畅,运行超快,十分酷炫,流畅度佳,颜值颇高,方便快捷,质量上乘,功能强大,外观酷炫,
2022,08,29,Monday,11:05,戴尔（DELL） 游戏本游匣G15-5511 15.6英寸RTX3050窄边框学生电竞设计笔记本电脑 i5-11260H RTX3050 120Hz 16G内存 512GPCI-E硬盘 官方标配,5799.00,戴尔鸿图飞腾专卖店,戴尔（DELL）,10052187301288,戴尔（DELL）G15-5511,5.0kg,,45%NTSC,15.0-15.9英寸,120Hz,20.0mm以上,黑色,复合材质,,戴尔-游匣G系列,游戏笔记本,Windows 10 带Office,RTX 3050,发烧级游戏光线追踪显卡,NVIDIA,intel i5,16GB,512GB,无机械硬盘,小于5小时,,,5511-1646B,2.6,长357mm；宽272mm；高25mm,i5-11260H,第十一代i5处理器,,六核,12线程,4.4GHz,2.6GHz,4GB,GDDR6,128bit,3200MHz,DDR4,1920*1080,15.6英寸,WVA,宽屏16：9,Type-C；HDMI接口,,100-240V自适应交流电源适配器,56Wh,"2-5小时, 具体时间视使用环境而定",1.0,0.0,0.0,80,0,0,稳定性佳,十分大气,流畅度佳,做工一流,高端大气,质量上乘,灵活敏捷,观影效果佳,,,,
2022,08,29,Monday,11:05,惠普（HP） 暗影精灵8Pro/7Plus可选 高性能高颜值官方电竞高端游戏本 暗夜精灵笔记本电脑 【光影8pro】12代i5+RTX3050Ti 【官方标配】16G内存 512G PCIE固态硬盘,7199.00,惠普授权旗舰店,惠普（HP）,29643608911,惠普（HP） 暗影精灵8Pro/7Plus可选 高性能高颜值官方电竞高端游戏本 暗夜精灵笔记本电脑 【光影8pro】12代i5+RTX3050Ti 【官方标配】16G内存 512G PCIE固态硬盘,2.5kg,中国大陆,100%sRGB,16.0-16.9英寸,60Hz,20.0mm以上,黑色,复合材质,,惠普-光影精灵,高端游戏笔记本,Windows 11 带Office,RTX 3050Ti,发烧级游戏光线追踪显卡,NVIDIA,intel i5,16GB,512GB,无机械硬盘,小于5小时,,,光影精灵8,2.32,长370mm；宽260mm；高23.5mm,i5-12500H,第12代酷睿i5处理器,,十二核,16线程,4.5GHz,2.5GHz,4GB,GDDR6,128bit,3200MHz,DDR4,1920*1080,16.1英寸,LED,宽屏16：9,HDMI接口,耳机、麦克风二合一接口 3.5mm,,70Wh,"2-5小时, 具体时间视使用环境而定",0.98,0.002,0.018,1200,3,10,运行稳定,反应灵敏,十分大气,运行超快,简洁大方,时尚大气,倍感舒适,质量上乘,操作方便,散热超快,顺滑流畅,
2022,08,29,Monday,11:05,华硕天选3 日蚀灰 第12代英特尔酷睿 15.6英寸游戏本笔记本电脑 i5-12500H RTX 3050 4G 16G内存 512G高速固态 144Hz 100%sRGB,6799.00,华硕电脑官方旗舰店,华硕（ASUS）,10043796015200,华硕（ASUS）天选,4.0kg,,100%sRGB,15.0-15.9英寸,144Hz,20.0mm以上,,金属+复合材质,,华硕-天选,高端游戏笔记本,Windows 11,RTX 3050,发烧级游戏光线追踪显卡,NVIDIA,intel i5,16GB,512GB,无机械硬盘,,,,天选3,约2.0,长354mm；宽251mm；高22.4mm,i5-12500H,第12代酷睿i5处理器,Intel集成显卡,十二核,16线程,4.5GHz,2.5GHz,4GB,GDDR6,128bit,4800Mhz,DDR5,1920*1080,15.6英寸,IPS,宽屏16：9,HDMI接口,耳机、麦克风二合一接口 3.5mm,100-240V自适应交流电源适配器,56Wh,,0.98,0.007,0.013,900,7,10,反应灵敏,十分大气,游戏性能强,运行超快,手感一流,功能齐全,十分酷炫,轻薄精巧,散热超快,倍感舒适,简单方便,
2022,08,29,Monday,11:05,联想拯救者R7000P 2022 15.6英寸游戏笔记本电脑(8核16线程R7-6800H 16G 512G RTX3050Ti 2.5k165Hz高色域)灰,7799.00,联想京东自营旗舰店,联想（Lenovo）,100039993764,联想拯救者R7000P ,3.93kg,中国大陆,100%sRGB,15.0-15.9英寸,165Hz,18.1-20.0mm,,,,联想 - 拯救者,游戏笔记本,Windows 11,RTX 3050Ti,高性能游戏独立显卡,NVIDIA,AMD R7,16GB,512GB,无机械硬盘,,,,拯救者R7000P,约2.37,长359mm；宽262mm；高19.9mm,R7-6800H,AMD R7,AMD集成显卡,八核,16线程,,,4GB,GDDR6,128bit,4800Mhz,DDR5,2560*1440,15.6英寸,IPS,宽屏16：9,HDMI接口,耳机、麦克风二合一接口 3.5mm,,80Wh,,0.96,0.011,0.029,600,7,10,十分大气,简洁大方,运行速快,十分流畅,时尚大气,质量上乘,方便快捷,功能强大,毫不刺眼,传输快捷,运行安静,
2022,08,29,Monday,11:05,联想（Lenovo） 拯救者Y9000P 2022 16英寸游戏笔记本电脑 i7-12700H 16G512G RTX3070,11099.00,联想京东自营官方旗舰店,联想（Lenovo）,10052913090268,联想（Lenovo）拯救者Y9000P,4.6kg,,,16.0-16.9英寸,165Hz,20.0mm以上,,,,联想 - 拯救者,高端游戏笔记本,Windows 11,RTX 3070,高性能游戏独立显卡,NVIDIA,intel i7,16GB,512GB,无机械硬盘,,,,拯救者Y9000P,2.53,长360mm；宽264mm；高26.4mm,,第12代酷睿i7处理器,,14核,20线程,4.7GHz,,,,,,,2560*1600,16英寸,广视角,宽屏16：10,Type-C；HDMI接口,,,80Wh,,0.99,0.0,0.01,100,0,1,高端大气,十分酷炫,做工一流,流畅度佳,十分流畅,手感一流,亮度均匀,分量感足,,,,
2022,08,29,Monday,11:05,联想天骄14 2022触控屏手写 air轻薄笔记本电脑 学生办公设计游戏本 六核锐龙R5-5500U 16G内存 512G固态 标配版  IPS高清全面屏｜DC调光 护眼无闪烁,4999.00,联想华东授权专卖店,联想（Lenovo）,10044930271281,联想（Lenovo）Lenovo 联想轻小新品 天骄14 2022,3.2kg,,100%sRGB,14.0-14.9英寸,60Hz,15.1-18.0mm,银色,金属+复合材质,触控屏，背光键盘，指纹识别,其他,高性能轻薄笔记本,Windows 11,AMD 集成显卡,,AMD,AMD R5,16GB,512GB,无机械硬盘,,,,联想2022轻小新款 天骄14 ,1.44,长321.57mm；宽211.59mm；高16.9mm,R5-5500U,AMD R5,AMD集成显卡,六核,12线程,4.0GHz,2.1GHz,,无,无,3200MHz,DDR4,1920*1080,14英寸,IPS,宽屏16：9,HDMI接口；Type-C,耳机、麦克风二合一接口 3.5mm,65W Type-C 适配器,56.5Wh,"5-8小时, 具体时间视使用环境而定",0.97,0.017,0.013,100,2,2,运行超快,小巧可爱,运行速快,方便快捷,十分大气,轻薄精巧,散热超快,倍感舒适,运行安静,画质无暇,操作简单,
2022,08,29,Monday,11:05,雷神（ThundeRobot） 911Air玄武4 绝地武士15.6英寸独显轻薄游戏设计师笔记本电脑 i5-11260H/3050/16G加装版,5748.00,雷神京东自营旗舰店,雷神（ThundeRobot）,10029033193514,雷神（ThundeRobot）911Air玄武,3.72kg,,,15.0-15.9英寸,60Hz,18.1-20.0mm,,,,雷神911,高性能轻薄笔记本,Windows 11 不带Office,RTX 3050,发烧级游戏光线追踪显卡,NVIDIA,intel i5,16GB,512GB,无机械硬盘,,,,911 Air,4.0kg,长361.6mm；宽243.4mm；高22.9mm,i5-11260H,第十一代i5处理器,,六核,12线程,4.4GHz,2.6GHz,4GB,GDDR6,128bit,,,1920*1080,15.6英寸,IPS,宽屏16：9,HDMI接口,,,51.85Wh,,0.96,0.015,0.025,300,5,6,十分酷炫,流畅度佳,运行超快,十分大气,十分流畅,功能强大,炫酷十足,触感一流,散热超快,按键舒服,方便快捷,
2022,08,29,Monday,11:05,七彩虹（Colorful） 将星X15-XS游戏本15.6英寸高性能笔记本电脑学生高端独显吃鸡电竞 14核i7-12700H/RTX3050Ti/蓝色 16G内存/512G PCIe固态 官方标配,6599.00,七彩虹电脑旗舰店,七彩虹（Colorful）,10054150810295,七彩虹（Colorful）将星X15-XS,12.0kg,中国大陆,,15.0-15.9英寸,144Hz,20.0mm以上,,金属+复合材质,,七彩虹-将星系列,高端游戏笔记本,Windows 11 不带Office,RTX 3050Ti,发烧级游戏光线追踪显卡,NVIDIA,intel i7,16GB,512GB,无机械硬盘,,,,将星X15-XS,2,长360mm；宽250mm；高24.9mm,i7-12700H,第12代酷睿i7处理器,,14核,20线程,4.7GHz,2.3GHz,,,,3200MHz,DDR4,1920*1080,15.6英寸,IPS,宽屏16：9,MINI DP接口；HDMI接口；Type-C,耳机、麦克风二合一接口 3.5mm,,54Wh,,0.98,0.015,0.005,100,2,1,反应灵敏,流畅度佳,十分流畅,倍感舒适,功能强大,十分酷炫,做工一流,柔软顺滑,颜值颇高,,,
2022,08,29,Monday,11:05,微星(msi)武士66 15.6英寸游戏本笔记本电脑(英特尔酷睿i5 16G 512GB RTX3050 144Hz)高刷高色域电竞屏,5299.00,微星游戏本京东自营官方旗舰店,微星（MSI）,100021592020,微星武士GF系列,3.71kg,中国大陆,72%NTSC,15.0-15.9英寸,144Hz,20.0mm以上,,,,微星-武士系列,高端游戏笔记本,Windows 10 不带Office,RTX 3050,高性能游戏独立显卡,NVIDIA,intel i5,16GB,512GB,无机械硬盘,,,,Katana GF66 11UC-299CN,2.1,,i5-11400H,第十一代i5处理器,,六核,12线程,4.5GHz,2.7GHz,4GB,GDDR6,无,,,1920*1080,15.6英寸,IPS,宽屏16：9,HDMI接口,,,53.5Wh,"2-5小时, 具体时间视使用环境而定",0.95,0.017,0.033,2200,40,70,运行稳定,流畅度佳,反应灵敏,十分大气,十分酷炫,倍感舒适,质量上乘,做工一流,方便快捷,柔软顺滑,运行安静,
2022,08,29,Monday,11:05,惠普(HP)暗影精灵8Pro 16.1英寸游戏笔记本电脑(12代酷睿i5-12500H RTX3050Ti 4G独显 16G 512GSSD 144Hz),6799.00,惠普（HP）OMEN暗影精灵京东自营旗舰店,惠普（HP）,100039346814,惠普16-k0002TX,3.92kg,中国大陆,100%sRGB,16.0-16.9英寸,144Hz,20.0mm以上,,金属+复合材质,,惠普-暗影精灵,游戏笔记本,Windows 11,RTX 3050Ti,高性能游戏独立显卡,NVIDIA,intel i5,16GB,512GB,无机械硬盘,,,,16-k0002TX,2.4kg,长369mm；宽248mm；高22.5mm,i5-12500H,第12代酷睿i5处理器,,十二核,16线程,4.5GHz,2.5GHz,,GDDR6,128bit,4800Mhz,,1920*1080,16.1英寸,IPS,宽屏16：9,Type-C；HDMI接口,,200W AC适配器,83WhrWh,,0.86,0.118,0.022,30,5,1,,,,,,,,,,,,
2022,08,29,Monday,11:05,惠普(HP)暗影精灵8Plus 高能版 游戏本 17.3英寸笔记本电脑(i7-12800HX 16G 1TSSD RTX3070Ti 2.5K 165Hz),12499.00,惠普（HP）OMEN暗影精灵京东自营旗舰店,惠普（HP）,100039357228,惠普17-ck1006TX,4.4kg,中国大陆,100%sRGB,17.3英寸,165Hz,20.0mm以上,黑色,金属+复合材质,,惠普-暗影精灵,游戏笔记本,Windows 11,RTX 3070Ti,高性能游戏独立显卡,NVIDIA,intel i7,16GB,1TB,无机械硬盘,,,,17-ck1006TX,2.8 kg,长397.19mm；宽262.07mm；高27mm,,第12代酷睿i7处理器,,十六核,24线程,4.8GHz,2.0GHz,8GB,GDDR6,256bit,4800Mhz,,2560*1440,17.3英寸,IPS,宽屏16：9,MINI DP接口；Type-C；HDMI接口,,,83Wh,,0.97,0.022,0.008,800,10,7,流畅度佳,十分大气,反应灵敏,大气稳重,简洁大方,倍感舒适,运行超快,功能强大,视觉感强,手感一流,运行安静,
2022,08,29,Monday,11:05,外星人（alienware） 2022全新x14 R1轻薄高性能本14英寸游戏本笔记本电脑12代酷睿 现货 1743 12代i7/16G/RTX3050 官方标配,11999.00,外星人官方旗舰店,外星人（alienware）,10043808072667,外星人（alienware）x14,4.61kg,,,14.0-14.9英寸,144Hz,15.0mm及以下,,,,戴尔-外星人,高端游戏笔记本,Windows 11 带Office,,高性能游戏独立显卡,NVIDIA,intel i7,16GB,512GB,无机械硬盘,,,,ALWX14-1743W,1.84,长321.5mm；宽262.77mm；高14.5mm,i7-12700H,,,14核,20线程,,,4GB,GDDR6,,4800Mhz,LPDDR5,1920*1080,14英寸,LCD,宽屏16：9,HDMI接口,,,80Wh,,0.98,0.0,0.02,200,0,3,轻薄精巧,流畅度佳,反应灵敏,十分大气,十分酷炫,运行超快,手感一流,质量上乘,柔软顺滑,,,
2022,08,29,Monday,11:05,ThinkPad 联想ThinkBook 15 2022新款办公游戏笔记本电脑15.6英寸大屏轻薄本 i5-1155G7 16G 512G 0ECD 高色域 背光键盘 指纹识别 IPS高清屏,4699.00,ThinkPad广东授权专卖店,ThinkPad,10041181349294,ThinkPadThinkBook 15,1.99kg,,100%sRGB,15.0-15.9英寸,,15.1-18.0mm,,,背光键盘，指纹识别，Wi-Fi 6,ThinkBook 15,高性能轻薄笔记本,Windows 11,intel 集成显卡,,Intel,intel i5,16GB,512GB,无机械硬盘,,,,ThinkBook 15,1.7,长357mm；宽235mm；高17.9mm,i5-1155G7,,Intel集成显卡,四核,8线程,4.5GHz,2.5GHz,,无,无,,,1920*1080,15.6英寸,IPS,宽屏16：9,HDMI接口,耳机、麦克风二合一接口 3.5mm,100-240V自适应交流电源适配器,60Wh,"5-8小时, 具体时间视使用环境而定",0.98,0.003,0.017,200,1,2,十分大气,运行超快,时尚大气,方便快捷,运行速快,轻薄精巧,质量上乘,手感舒适,手感一流,操作方便,散热超快,
2022,08,29,Monday,11:05,华硕（ASUS） 天选2游戏本电脑15.6英寸窄边框高刷新电竞学习设计笔记本 日蚀灰R5-4600H丨RTX3050-4G 16G内存丨512G固态丨套餐一,5599.00,华硕智凝专卖店,华硕（ASUS）,10055888803602,华硕（ASUS） 天选2游戏本电脑15.6英寸窄边框高刷新电竞学习设计笔记本 日蚀灰R5-4600H丨RTX3050-4G 16G内存丨512G固态丨套餐一,2.2kg,中国大陆,,15.0-15.9英寸,144Hz,20.0mm以上,,,,华硕-天选,高端游戏笔记本,Windows 10,RTX 3050,高性能游戏独立显卡,NVIDIA,AMD R5,16GB,512GB,无机械硬盘,,,,fa506,2.3,长359.8mm；宽256mm；高24.9mm,R5-4600H,AMD R5,,六核,12线程,4.0GHz,3.0GHz,4GB,GDDR6,128bit,3200MHz,DDR4,1920*1080,15.6英寸,LED,宽屏16：9,HDMI接口,,,48Wh,,1.0,0.0,0.0,200,0,0,运行速快,反应灵敏,十分大气,游戏性能强,十分酷炫,手感一流,质量上乘,方便快捷,轻薄精巧,按键舒服,功能强大,
2022,08,29,Monday,11:06,华硕天选3 Plus 锐龙版17.3英寸游戏本笔记本电脑(R7-6800H 16G 512G RTX3070Ti 360Hz100%sRGB高色域电竞屏),8999.00,华硕京东自营官方旗舰店,华硕（ASUS）,100032945574,华硕天选3Plus,4.55kg,中国大陆,100%sRGB,17.3英寸,360Hz,20.0mm以上,灰色,,,华硕-天选,游戏笔记本,Windows 11,RTX 3070Ti,发烧级游戏光线追踪显卡,NVIDIA,AMD R7,16GB,512GB,无机械硬盘,,,,天选3Plus,约2.6kg,长394.6mm；宽264.15mm；高25.45mm,,AMD R7,,八核,16线程,4.7GHz,3.2GHz,8GB,GDDR6,256bit,4800Mhz,DDR5,1920*1080,17.3英寸,IPS,宽屏16：9,HDMI接口,,,90Wh,,0.92,0.024,0.056,1000,20,50,运行稳定,反应灵敏,十分大气,流畅度佳,散热超快,简约时尚,设计超赞,质量上乘,倍感舒适,外观酷炫,背光酷炫,
2022,08,29,Monday,11:06,惠普（HP） 光影精灵8Pro 16.1英寸轻薄游戏暗影精灵144Hz12代酷睿ddr5笔记本电脑 【新12代i7】RTX3050Ti+144Hz,7799.00,惠普中国京东自营官方旗舰店,惠普（HP）,10058299527055,惠普（HP）光影精灵8,3.6kg,,100%sRGB,16.0-16.9英寸,144Hz,18.1-20.0mm,,复合材质,,惠普-光影精灵,高端游戏笔记本,Windows 11,RTX 3050Ti,发烧级游戏光线追踪显卡,NVIDIA,intel i7,16GB,512GB,无机械硬盘,,,,光影精灵8,2.47,长270mm；宽260mm；高32.5mm,,,,14核,20线程,,,,,,,,1920*1080,16.1英寸,IPS,宽屏16：9,Type-C；HDMI接口,,,70Wh,,1.0,0.0,0.0,40,0,0,运行速快,简洁大方,色彩出众,流畅度佳,倍感舒适,运行安静,方便快捷,均匀明亮,简单方便,,,
2022,08,29,Monday,11:06,宏碁 新暗影骑士·擎 15.6英寸游戏笔记本电脑(12代酷睿i5-12500H 16G 512G RTX3050满血95W 165Hz高刷高色域),6199.00,宏碁京东自营旗舰店,宏碁（acer）,100018550875,宏碁暗影骑士,3.95kg,中国大陆,100%sRGB,15.0-15.9英寸,165Hz,20.0mm以上,,,,宏碁-暗影骑士,游戏笔记本,Windows 11 带Office,RTX 3050,发烧级游戏光线追踪显卡,NVIDIA,intel i5,16GB,512GB,无机械硬盘,,,,暗影骑士擎,2.5,长360mm；宽271mm；高27mm,i5-12500H,第12代酷睿i5处理器,,十二核,16线程,4.5GHz,2.5GHz,4GB,GDDR6,,3200MHz,,1920*1080,15.6英寸,IPS,宽屏16：9,HDMI接口,耳机、麦克风二合一接口 3.5mm,100-240V自适应交流电源适配器,57WHWh,,0.98,0.006,0.014,4200,20,30,散热超快,十分酷炫,反应灵敏,运行超快,十分大气,顺畅运行,倍感舒适,简单方便,灯光炫酷,质量上乘,功能齐全,
2022,08,29,Monday,11:06,惠普（HP） 光影精灵8Pro 暗夜暗影精灵7plus 电竞游戏笔记本电脑 【促销款】新12代酷睿i5-12500H 1650 16G内存 512G PCIE高速固态 标配,5799.00,惠普宇泰专卖店,惠普（HP）,10025287202773,惠普（HP）光影精灵8,2.37kg,中国大陆,100%sRGB,16.0-16.9英寸,60Hz,20.0mm以上,黑色,复合材质,,惠普-光影精灵,高端游戏笔记本,Windows 11 带Office,GTX 1650,高性能游戏独立显卡,NVIDIA,intel i5,16GB,512GB,无机械硬盘,小于5小时,,,光影精灵8,2.37,长370mm；宽260mm；高23mm,i5-12500H,第12代酷睿i5处理器,,十二核,16线程,4.5GHz,2.5GHz,4GB,GDDR6,128bit,4800Mhz,DDR5,1920*1080,16.1英寸,IPS,宽屏16：9,HDMI接口,,,70Wh,,0.99,0.01,0.0,2200,2,1,运行稳定,反应灵敏,十分大气,游戏性能强,简洁大方,霸气侧漏,质量上乘,柔软顺滑,散热超快,倍感舒适,简单方便,
2022,08,29,Monday,11:06,联想拯救者Y7000P 2022 英特尔酷睿i5 15.6英寸游戏笔记本电脑(12代i5-12500H 16G 512G RTX3050 2.5k电竞屏),7299.00,联想京东自营旗舰店,联想（Lenovo）,100039857032,联想拯救者Y7000P,4.0kg,中国大陆,100%sRGB,15.0-15.9英寸,165Hz,20.0mm以上,,,,联想 - 拯救者,高端游戏笔记本,Windows 11,RTX 3050,高性能游戏独立显卡,NVIDIA,intel i5,16GB,512GB,无机械硬盘,,,,拯救者Y7000P,约2.35,长359mm；宽262mm；高22.75mm,i5-12500H,第12代酷睿i5处理器,,十二核,16线程,,,,,,,,2560*1440,15.6英寸,IPS,宽屏16：9,Thunderbolt（雷电）,,,80WhWh,,0.96,0.015,0.025,600,10,10,反应灵敏,颜值颇高,质量上乘,十分大气,系统充足,质感一流,流畅度佳,十分流畅,方便快捷,运行安静,倍感舒适,
2022,08,29,Monday,11:06,宏碁新暗影骑士·擎Pro 游戏笔记本电脑 2022款12代英特尔酷睿高性能 165hz电竞屏 旗舰店 i5-12500H丨DDR5内存丨3060独显直连 【官方标配】16G 512G PCI-e4.0,8599.00,Acer宏碁旗舰店,宏碁（acer）,10044071707786,宏碁（acer）宏碁暗影骑士2022款,4.0kg,中国大陆,100%sRGB,15.0-15.9英寸,165Hz,20.0mm以上,,,,宏碁-暗影骑士,高端游戏笔记本,Windows 11,RTX 3060,发烧级游戏光线追踪显卡,NVIDIA,intel i5,16GB,512GB,无机械硬盘,,,,宏碁暗影骑士·擎2022款,2.5,长360.4mm；宽271.09mm；高26.75mm,i5-12500H,第12代酷睿i5处理器,,十二核,16线程,4.5GHz,2.5GHz,6GB,GDDR6,192bit,4800Mhz,DDR5,1920*1080,15.6英寸,IPS,宽屏16：9,Thunderbolt（雷电）；HDMI接口,耳机、麦克风二合一接口 3.5mm,,57Wh,,1.0,0.0,0.0,600,0,0,运行稳定,十分流畅,十分大气,外型酷炫,反应灵敏,质量上乘,倍感舒适,方便快捷,外观酷炫,做工一流,简单方便,
2022,08,29,Monday,11:06,联想（Lenovo） 拯救者R7000 Ps设计电竞游戏笔记本电脑y标压锐龙R5-5600H 16G 512G 满血RTX3050Ti 标配版 15.6英寸 100%sRGB IPS 全面屏,6988.00,联想西南授权专卖店,联想（Lenovo）,10050289640778,联想（Lenovo）Lenovo Legion R7000,2.0kg,,100%sRGB,15.0-15.9英寸,60Hz,20.0mm以上,黑色,,,联想 - 拯救者,游戏笔记本,Windows 11 带Office,RTX 3050Ti,发烧级游戏光线追踪显卡,NVIDIA,AMD R5,16GB,512GB,无机械硬盘,,,,Lenovo Legion R7000,2.4,长363mm；宽261mm；高25.75mm,R5-5600H,AMD R5,,六核,12线程,4.2GHz,3.3GHz,4GB,GDDR6,128bit,3200MHz,DDR4,1920*1080,15.6英寸,IPS,宽屏16：9,HDMI接口,耳机、麦克风二合一接口 3.5mm,100-240V自适应交流电源适配器,80Wh,"5-8小时, 具体时间视使用环境而定",0.99,0.01,0.0,2800,3,0,运行稳定,反应灵敏,运行超快,十分大气,简洁大方,方便快捷,质量上乘,轻薄精巧,简单方便,倍感舒适,手感一流,
2022,08,29,Monday,11:07,惠普(HP)暗影精灵8Plus 17.3英寸游戏笔记本电脑(12代酷睿i7 RTX 3080 Ti 16G 16GDDR5 1TSSD 2.5K 165Hz),14999.00,惠普（HP）OMEN暗影精灵京东自营旗舰店,惠普（HP）,100018344689,惠普17-ck1004TX,4.993kg,中国大陆,,17.3英寸,165Hz,20.0mm以上,,,,惠普-暗影精灵,游戏笔记本,Windows 11,RTX 3080Ti,高性能游戏独立显卡,NVIDIA,intel i7,16GB,1TB,无机械硬盘,,,,17-ck1004TX,2.8 k'g,,i7-12700H,第12代酷睿i7处理器,,14核,20线程,,,,,,,,2560*1440,17.3英寸,IPS,宽屏16：9,MINI DP接口；Type-C；HDMI接口,,,83Wh,,0.91,0.031,0.059,400,10,20,简洁大方,流畅度佳,十分流畅,反应灵敏,低调奢华,大气稳重,手感一流,质量上乘,画质无暇,电源率大,网速极佳,
2022,08,29,Monday,11:07,华硕（ASUS） 天选2 锐龙8核心IPS电竞屏游戏学生15.6英寸商务办公设计高色域手提笔记本电脑 日蚀灰R7-4800H/RTX3050  4G独显 官方标配 16G内存+512G固态,5699.00,华硕崇硕专卖店,华硕（ASUS）,10030725355548,华硕（ASUS）天选2,3.77kg,中国大陆,,15.0-15.9英寸,144Hz,20.0mm以上,,,,华硕-天选,高端游戏笔记本,Windows 10 不带Office,RTX 3050,发烧级游戏光线追踪显卡,NVIDIA,AMD R7,16GB,512GB,无机械硬盘,,,,FA506Q,2.5,长359.8mm；宽256mm；高24.3mm,R7-4800H,AMD R7,,八核,16线程,4.2GHz,2.9GHz,4GB,GDDR6,128bit,3200MHz,DDR4,1920*1080,15.6英寸,IPS,宽屏16：9,HDMI接口,耳机、麦克风二合一接口 3.5mm,,48Wh,,0.99,0.008,0.002,300,1,1,反应灵敏,十分流畅,流畅度佳,十分大气,时尚大气,外型酷炫,质量上乘,手感一流,外观酷炫,,,
2022,08,29,Monday,11:07,HUWI 【国行锐龙AMD】15.6英寸2K屏 超薄笔记本电脑办公学习男女生大学生学习网课游戏手提本 酷睿i5同比锐龙R5 8G运行 128G SSD固态硬盘,3089.00,HUWI旗舰店,HUWI,10056523330766,HUWI 【国行锐龙AMD】15.6英寸2K屏 超薄笔记本电脑办公学习男女生大学生学习网课游戏手提本 酷睿i5同比锐龙R5 8G运行 128G SSD固态硬盘,3.0kg,,,15.0-15.9英寸,60Hz,15.0mm及以下,,,指纹识别，全面屏,其他,高性能轻薄笔记本,DOS/Linux,AMD 集成显卡,,AMD,AMD R7,8GB,128GB,无机械硬盘,,,,X140,1.6,长376mm；宽244mm；高12mm,R7-3700U,AMD R7,AMD集成显卡,四核,8线程,3.5GHz,2.6GHz,,GDDR4,128bit,,,1920*1080,15.6英寸,IPS,宽屏16：9,Mini HDMI,,,18Wh,"5-8小时, 具体时间视使用环境而定",1.0,0.0,0.0,0,0,0,,,,,,,,,,,,
2022,08,29,Monday,11:08,宏碁(掠夺者)战斧300电竞游戏本 15.6英寸2.5K高刷屏(i9-12900H 16G-DDR5 1T RTX3070Ti独显直连 一键超频)黑,11999.00,宏碁京东自营旗舰店,宏碁（acer）,100033712141,宏碁掠夺者,5.3kg,中国大陆,100%sRGB,15.0-15.9英寸,165Hz,20.0mm以上,黑色,金属+复合材质,,宏碁-掠夺者,高端游戏笔记本,Windows 11 带Office,RTX 3070Ti,发烧级游戏光线追踪显卡,NVIDIA,intel i9,16GB,1TB,无机械硬盘,5-7小时,,,N22C3-PH315,2.4,长359mm；宽276mm；高26mm,i9-12900H,第12代酷睿i9处理器,,14核,20线程,5.0GHz,2.5GHz,8GB,GDDR6,,4800Mhz,DDR5,2560*1440,15.6英寸,IPS,宽屏16：9,Thunderbolt（雷电）；HDMI接口；MINI DP接口,耳机、麦克风二合一接口 3.5mm,100-240V自适应交流电源适配器,90Wh,"5-8小时, 具体时间视使用环境而定",1.0,0.0,0.0,20,0,0,开机顺畅,科技感强,美观大方,灯光炫酷,运行超快,,,,,,,
2022,08,29,Monday,11:08,惠普（HP） 光影精灵7/8 暗影暗夜精灵酷睿标压16.1英寸游戏性能笔记本电脑15.6英寸吃鸡电竞 新i5-12450H｜GTX1650｜100%色域 【标准版】16G/512G固态,6079.00,中港惠普电脑专卖店,惠普（HP）,27965633906,惠普（HP） 光影精灵7/8 暗影暗夜精灵酷睿标压16.1英寸游戏性能笔记本电脑15.6英寸吃鸡电竞 新i5-12450H｜GTX1650｜100%色域 【标准版】16G/512G固态,5.0kg,,100%sRGB,15.0-15.9英寸,60Hz,20.0mm以上,黑色,金属+复合材质,,惠普-光影精灵,游戏笔记本,Windows 11,GTX 1650,高性能游戏独立显卡,NVIDIA,intel i5,16GB,512GB,无机械硬盘,小于5小时,,,光影精灵Victus,2.47,长357.9mm；宽255mm；高23.5mm,i5-12450H,第12代酷睿i5处理器,Intel集成显卡,八核,12线程,4.4GHz,2.0GHz,4GB,,128bit,3200MHz,DDR4,1920*1080,15.6英寸,IPS,宽屏16：9,HDMI接口,,120W AC适配器,70Wh,"2-5小时, 具体时间视使用环境而定",1.0,0.0,0.0,0,0,0,,,,,,,,,,,,
2022,08,29,Monday,11:08,联想笔记本电脑 拯救者Y9000K 16英寸高性能游戏本(标压8核 i7-11800H 32G 1T RTX3080 2.5k 165Hz高色域),13999.00,联想京东自营旗舰店,联想（Lenovo）,100021965322,联想拯救者Y9000K,5.1kg,中国大陆,100%sRGB,16.0-16.9英寸,165Hz,20.0mm以上,灰色,,,联想 - 拯救者,游戏笔记本,Windows 11,RTX 3080,高性能游戏独立显卡,NVIDIA,intel i7,32GB,1TB,无机械硬盘,,,,拯救者Y9000K,约2.5,长360mm；宽260mm；高23.5mm,i7-11800H,十一代酷睿处理器,,八核,16线程,4.6GHz,2.3GHz,16GB,GDDR6,256bit,3200MHz,DDR4,2560*1600,16英寸,IPS,宽屏16：10,HDMI接口；Thunderbolt（雷电）,耳机、麦克风二合一接口 3.5mm,,80Wh,,0.93,0.014,0.056,800,10,40,运行速快,做工一流,反应灵敏,十分流畅,时尚大气,外型酷炫,方便快捷,背光酷炫,音效超棒,倍感舒适,加载很快,
2022,08,29,Monday,11:08,联想（Lenovo） 拯救者R7000 Ps设计电竞游戏笔记本电脑标压锐龙R7-5800H八核 16G 512G固态 满血RTX3050 标配版 15.6英寸 100%sRGB IPS 全面屏,6988.00,联想西南授权专卖店,联想（Lenovo）,10031492949348,联想（Lenovo）Lenovo Legion R7000,4.0kg,中国大陆,100%sRGB,15.0-15.9英寸,60Hz,20.0mm以上,黑色,,,联想 - 拯救者,高端游戏笔记本,Windows 11 带Office,RTX 3050,发烧级游戏光线追踪显卡,NVIDIA,AMD R7,16GB,512GB,无机械硬盘,,,,Lenovo Legion R7000,2.58,长363mm；宽261mm；高25.75mm,R7-5800H,,,八核,16线程,,,4GB,GDDR6,128bit,3200MHz,DDR4,1920*1080,15.6英寸,IPS,宽屏16：9,HDMI接口,耳机、麦克风二合一接口 3.5mm,100-240V自适应交流电源适配器,80Wh,,0.98,0.013,0.007,2700,20,20,运行稳定,反应灵敏,简洁大方,十分大气,运行超快,轻薄精巧,倍感舒适,散热超快,质量上乘,简单方便,功能齐全,
2022,08,29,Monday,11:08,机械革命（MECHREVO）蛟龙7 17.3英寸游戏笔记本电脑(R9-5900HX 16G 512G RTX3070 165Hz 100%sRGB 2K),7989.00,机械革命京东自营官方旗舰店,机械革命（MECHREVO）,100011126831,机械革命蛟龙,4.85kg,中国大陆,100%sRGB,17.3英寸,165Hz,20.0mm以上,黑色,金属+复合材质,,机械革命蛟龙,高端游戏笔记本,Windows 10 不带Office,RTX 3070,发烧级游戏光线追踪显卡,NVIDIA,AMD R9,16GB,512GB,无机械硬盘,小于5小时,,,机械革命蛟龙,2.4,,R9-5900HX,AMD R9,AMD集成显卡,八核,16线程,4.6GHz,3.3GHz,8GB,GDDR6,256bit,3200MHz,DDR4,2560*1440,17.3英寸,LED,宽屏16：9,Type-C；HDMI接口,1 x 麦克风接口; 1 x 音频接口,230W AC适配器,46.74Wh,"2-5小时, 具体时间视使用环境而定",0.92,0.026,0.054,1700,50,100,运行速快,流畅度佳,十分大气,外型酷炫,做工一流,手感一流,方便快捷,运行安静,倍感舒适,操作方便,外观酷炫,
2022,08,29,Monday,11:08,联想笔记本电脑小新Pro14 2022 高性能游戏轻薄本(8核标压R7-6800HS 16G 512G 2.8K 120Hz )商务办公,5699.90,联想京东自营旗舰店,联想（Lenovo）,100032674733,联想小新Pro 14,2.28kg,中国大陆,100%sRGB,14.0-14.9英寸,120Hz,15.0mm及以下,,,全面屏，长续航,联想-小新Pro,轻薄笔记本,Windows 11 带Office,集成显卡,,AMD,AMD R7,16GB,512GB,无机械硬盘,,,,小新 Pro 14,约1.3,长312.4mm；宽221.4mm；高14.6mm,R7-6800HS,AMD R7,AMD集成显卡,八核,16线程,,,,无,无,6400MHz,LPDDR5,2880*1800,14英寸,广视角,宽屏16：10,Type-C,耳机、麦克风二合一接口 3.5mm,,61Wh,">8小时, 具体时间视使用环境而定",0.96,0.012,0.028,500,7,10,运行稳定,轻薄精巧,散热超快,做工一流,反应灵敏,运行超快,小巧玲珑,倍感舒适,运行安静,手感一流,柔软顺滑,
2022,08,29,Monday,11:08,机械革命（MECHREVO） 极光Pro/极光E12 代新款学生游戏本15.6英寸电竞屏笔记本电脑 i7-12700H/3060/165Hz/2K 【标配款】16G/NVMe512G高速固态硬盘,7899.00,机械革命博创福兴专卖店,机械革命（MECHREVO）,10027251908884,机械革命（MECHREVO）其他,3.0kg,,,15.0-15.9英寸,144Hz,20.0mm以上,,金属+复合材质,,机械革命极光,高端游戏笔记本,Windows 11 不带Office,RTX 3060,高性能游戏独立显卡,NVIDIA,intel i5,16GB,512GB,无机械硬盘,,,,极光E-I5青春版,2.07,,i5-12450H,第12代酷睿i5处理器,,八核,12线程,,,,,,,,1920*1080,15.6英寸,IPS,宽屏16：9,HDMI接口,,,46.74Wh,,0.98,0.015,0.005,800,7,5,时尚大气,十分大气,做工一流,反应灵敏,流畅度佳,运行超快,方便快捷,十分流畅,质量上乘,,,
2022,08,29,Monday,11:08,ROG 枪神6 Plus 第12代英特尔酷睿 240Hz电竞屏高端游戏本笔记本电脑 i9-12900H 16G RTX 3070Ti 1TB SSD 17.3英寸 黑色,15999.00,玩家国度ROG官方旗舰店,ROG,10043811965012,ROG枪神6P,5.0kg,,DCI-P3,17.3英寸,240Hz,20.0mm以上,黑色,金属+复合材质,,华硕-ROG玩家国度,高端游戏笔记本,Windows 11,RTX 3070Ti,发烧级游戏光线追踪显卡,NVIDIA,intel i9,16GB,1TB,无机械硬盘,小于5小时,,,枪神6 Plus,约2.9kg,长395mm；宽282mm；高28mm,i9-12900H,第12代酷睿i9处理器,Intel集成显卡,14核,20线程,5.0GHz,2.5GHz,8GB,GDDR6,,4800Mhz,DDR5,2560*1440,17.3英寸,IPS,宽屏16：9,HDMI接口,耳机、麦克风二合一接口 3.5mm,100-240V自适应交流电源适配器,90Wh,"2-5小时, 具体时间视使用环境而定",0.99,0.009,0.001,700,7,1,十分酷炫,十分大气,十分流畅,运行超快,炫酷十足,反应灵敏,柔软顺滑,倍感舒适,质量上乘,效果惊艳,功能齐全,
2022,08,29,Monday,11:08,惠普(HP)暗影精灵8Plus 游戏本 17.3英寸笔记本电脑(i9-12900HX 32G 2TSSD RTX3080Ti 2.5K 165Hz),19988.00,惠普（HP）OMEN暗影精灵京东自营旗舰店,惠普（HP）,100039357200,惠普17-ck1008TX,5.24kg,中国大陆,100%sRGB,17.3英寸,165Hz,20.0mm以上,黑色,金属+复合材质,,惠普-暗影精灵,游戏笔记本,Windows 11,RTX 3080Ti,高性能游戏独立显卡,NVIDIA,intel i9,32GB,2TB,无机械硬盘,,,,17-ck1008TX,2.8 kg,长397.19mm；宽262.07mm；高27mm,,第12代酷睿i9处理器,,十六核,24线程,5.0GHz,2.3GHz,16GB,GDDR6,256bit,4800Mhz,,2560*1440,17.3英寸,IPS,宽屏16：9,MINI DP接口；Type-C；HDMI接口,,,83Wh,,0.95,0.05,0.0,70,4,0,运行超快,流畅度佳,屏幕超大,简洁大方,手感一流,倍感舒适,十分大气,柔软顺滑,可玩性高,运行安静,,
2022,08,29,Monday,11:08,ROG幻14 2022 14英寸设计师轻薄高性能游戏笔记本电脑(R7-6800HS 16G 1TB RX6700S 2.5K 120Hz)经典白,10999.00,玩家国度ROG京东自营官方旗舰店,ROG,100018561255,ROG幻14,3.6kg,中国大陆,DCI-P3,14.0-14.9英寸,120Hz,18.1-20.0mm,白色,,,华硕-ROG玩家国度,高端轻薄笔记本,Windows 11,RX 6700S,高性能游戏独立显卡,AMD,AMD R7,16GB,1TB,无机械硬盘,,,,幻14,1.65,长312mm；宽227mm；高18.5mm,,AMD R7,,八核,16线程,4.7GHz,3.2GHz,8GB,GDDR6,128bit,4800Mhz,DDR5,2560*1600,14英寸,IPS,宽屏16：10,HDMI接口；Type-C,耳机、麦克风二合一接口 3.5mm,,76Wh,,0.95,0.008,0.042,400,4,10,运行速快,轻薄精巧,散热超快,小巧玲珑,方便快捷,纯正艳丽,十分流畅,倍感舒适,运行安静,反应灵敏,手感一流,
2022,08,29,Monday,11:08,华硕天选air 2022 12代英特尔酷睿i7 15.6英寸轻薄游戏本(i7-12650H 16G 512G RTX3050 2.5K 165Hz100%P3),7499.00,华硕京东自营官方旗舰店,华硕（ASUS）,100033087890,华硕天选air,3.75kg,中国大陆,DCI-P3,15.0-15.9英寸,165Hz,18.1-20.0mm,银色,,,华硕-天选,游戏笔记本,Windows 11,RTX 3050,发烧级游戏光线追踪显卡,NVIDIA,intel i7,16GB,512GB,无机械硬盘,,,,天选air,约2.1kg,长355mm；宽252mm；高19.9mm,,第12代酷睿i7处理器,,十核,16线程,4.7GHz,2.3GHz,4GB,GDDR6,128bit,4800Mhz,DDR5,2560*1440,15.6英寸,IPS,宽屏16：9,HDMI接口,,,76Wh,,0.97,0.0,0.03,100,0,4,运行速快,运行超快,流畅度佳,颜值颇高,轻薄精巧,倍感舒适,质量上乘,做工一流,方便快捷,,,
2022,08,29,Monday,11:08,神舟(HASEE)战神Z7-DA5NP 新12代i5-12500H RTX3050 15.6英寸游戏笔记本电脑(16G 512G 144Hz 高色域),5499.00,神舟电脑京东自营旗舰店,神舟（HASEE）,100034066820,神舟战神Z7-DA5NP,3.24kg,中国大陆,,15.0-15.9英寸,144Hz,20.0mm以上,,,,神舟-战神,游戏笔记本,Windows 11 不带Office,RTX 3050,高性能游戏独立显卡,NVIDIA,intel i5,16GB,512GB,无机械硬盘,,,,战神Z7-DA5NP,2.2,长361mm；宽241mm；高25mm,i5-12500H,第12代酷睿i5处理器,Intel集成显卡,十二核,16线程,4.5GHz,2.5GHz,4GB,GDDR6,,3200MHz,DDR4,1920*1080,15.6英寸,IPS,宽屏16：9,MINI DP接口；HDMI接口,,,41Wh,"2-5小时, 具体时间视使用环境而定",0.93,0.04,0.03,200,8,8,十分流畅,流畅度佳,炫酷十足,十分大气,精致美观,倍感舒适,方便快捷,外观酷炫,毫不累眼,散热超快,,
2022,08,29,Monday,11:08,雷神（ThundeRobot） 一格IGERL1小白15.6英寸高性能全能轻薄游戏设计师笔记本电脑 酷睿i7/16G/512G/锐炬核显,4699.00,雷神京东自营旗舰店,雷神（ThundeRobot）,10034855971959,雷神（ThundeRobot）IGER L1,3.03kg,,,15.0-15.9英寸,60Hz,18.1-20.0mm,,,大内存（16GB及以上），长续航，Wi-Fi 6,雷神911,轻薄笔记本,Windows 10 不带Office,INTEL IRIS XE,,Intel,intel i7,16GB,512GB,无机械硬盘,,,,IGER L1-i7,1.68,长362.16mm；宽247.1mm；高19.95mm,i7-1165G7,,Intel集成显卡,四核,8线程,4.7GHz,2.8GHz,,无,无,3200MHz,DDR4,1920*1080,15.6英寸,IPS,宽屏16：9,HDMI接口,,65W AC适配器,51.28Wh,">8小时, 具体时间视使用环境而定",0.96,0.01,0.03,100,2,5,时尚大气,运行速快,运行超快,轻薄精巧,方便快捷,高端大气,简单方便,手感一流,质量上乘,毫不刺眼,网速极佳,
2022,08,29,Monday,11:08,联想拯救者Y9000X2022 英特尔酷睿i5 16英寸游戏笔记本电脑(12代i5-12500H 16G 512GB RTX3050Ti 2.5k电竞屏),7999.00,联想京东自营旗舰店,联想（Lenovo）,100023147765,联想拯救者Y9000X,3.76kg,中国大陆,100%sRGB,16.0-16.9英寸,165Hz,18.1-20.0mm,,,,联想 - 拯救者,游戏笔记本,Windows 11,RTX 3050Ti,高性能游戏独立显卡,NVIDIA,intel i5,16GB,512GB,无机械硬盘,,,,拯救者Y9000X,约2.18,长358mm；宽260mm；高16.9mm,i5-12500H,第12代酷睿i5处理器,Intel集成显卡,十二核,16线程,,,4GB,GDDR6,128bit,4800Mhz,DDR5,2560*1600,16英寸,IPS,宽屏16：10,Thunderbolt（雷电）；HDMI接口,,,99.99WhWh,,0.97,0.016,0.014,200,4,4,十分流畅,流畅度佳,外型酷炫,质感一流,反应灵敏,精致美观,质量上乘,运行安静,倍感舒适,亮度均匀,灵活敏捷,
2022,08,29,Monday,11:08,惠普(HP)暗影精灵8Plus 高能版 游戏本 17.3英寸笔记本电脑(i7-12800HX 32G 1TSSD RTX3080Ti 2.5K 165Hz),16999.00,惠普（HP）OMEN暗影精灵京东自营旗舰店,惠普（HP）,100039357214,惠普17-ck1007TX,5.25kg,中国大陆,100%sRGB,17.3英寸,165Hz,20.0mm以上,黑色,金属+复合材质,,惠普-暗影精灵,游戏笔记本,Windows 11,RTX 3080Ti,高性能游戏独立显卡,NVIDIA,intel i7,32GB,1TB,无机械硬盘,,,,17-ck1007TX,2.8 kg,长397.19mm；宽262.07mm；高27mm,,第12代酷睿i7处理器,,十六核,24线程,4.8GHz,2.0GHz,16GB,GDDR6,256bit,4800Mhz,,2560*1440,17.3英寸,IPS,宽屏16：9,MINI DP接口；Type-C；HDMI接口,,,83Wh,,0.95,0.028,0.022,100,3,3,十分大气,运行快速,手感一流,流畅度佳,屏幕够大,外型酷炫,声音清亮,风力十足,倍感舒适,,,
2022,08,29,Monday,11:08,联想拯救者R7000P 2022 15.6英寸游戏笔记本电脑(8核16线程R7-6800H 16G 512G RTX3050 2.5k 165Hz高色域)灰,7499.00,联想京东自营旗舰店,联想（Lenovo）,100039993756,联想拯救者R7000P ,3.91kg,中国大陆,100%sRGB,15.0-15.9英寸,165Hz,18.1-20.0mm,,,,联想 - 拯救者,游戏笔记本,Windows 11,RTX 3050,高性能游戏独立显卡,NVIDIA,AMD R7,16GB,512GB,无机械硬盘,,,,拯救者R7000P,约2.37,长359mm；宽262mm；高19.9mm,R7-6800H,AMD R7,AMD集成显卡,八核,16线程,,,4GB,GDDR6,128bit,4800Mhz,DDR5,2560*1440,15.6英寸,IPS,宽屏16：9,HDMI接口,耳机、麦克风二合一接口 3.5mm,,80Wh,,0.94,0.023,0.037,500,10,10,十分大气,简洁大方,反应灵敏,做工一流,十分流畅,运行超快,质量上乘,功能强大,流畅度佳,方便快捷,功能性强,
2022,08,29,Monday,11:08,机械革命 蛟龙5 笔记本电脑 2022款全新锐龙AMD高端满血3060支持独显直连电竞游戏本旗舰店 R7-5800H/16G/512G【店长推荐】 【满血RTX3060独显直连】15.6英寸电竞屏,7288.00,机械革命旗舰店,机械革命（MECHREVO）,10033580847726,机械革命（MECHREVO）蛟龙5,1.96kg,,100%sRGB,15.0-15.9英寸,240Hz,20.0mm以上,灰色,金属+复合材质,,机械革命蛟龙,高端轻薄笔记本,Windows 10 不带Office,RTX 3060,高性能游戏独立显卡,NVIDIA,AMD R7,16GB,512GB,无机械硬盘,小于5小时,,,蛟龙5,1.96,长360.2mm；宽243.5mm；高23.6mm,R7-5800H,AMD R7,AMD集成显卡,八核,16线程,4.4GHz,3.2GHz,6GB,GDDR6,192bit,3200MHz,DDR4,1920*1080,15.6英寸,LED,宽屏16：9,HDMI接口,1 x 麦克风接口; 1 x 音频接口,180W AC适配器,46.74Wh,"<2小时, 具体时间视使用环境而定",0.99,0.001,0.009,800,1,5,十分大气,反应灵敏,时尚大气,流畅度佳,轻薄精巧,十分流畅,倍感舒适,柔软顺滑,手感一流,简单方便,质量上乘,
2022,08,29,Monday,11:08,机械师（MACHENIKE） i7八核RTX3050Ti独立显卡高端性能轻薄吃鸡游戏本笔记本电脑 16G/512G PCIE高速固态,6589.00,机械师京东自营旗舰店,机械师（MACHENIKE）,10041460142101,机械师（MACHENIKE）F117-7,3.6kg,,,15.0-15.9英寸,144Hz,20.0mm以上,银色,金属+复合材质,,机械师F117,高端游戏笔记本,Windows 10 不带Office,RTX 3050Ti,发烧级游戏光线追踪显卡,NVIDIA,intel i7,16GB,512GB,无机械硬盘,小于5小时,,,F117,1.99,长359.5mm；宽238mm；高21.9mm,i7-11800H,第十一代i7处理器,,八核,16线程,4.6GHz,2.3GHz,4GB,GDDR6,128bit,3200MHz,DDR4,1920*1080,15.6英寸,IPS,宽屏16：9,HDMI接口,,,49Wh,"<2小时, 具体时间视使用环境而定",0.99,0.009,0.001,700,2,1,运行稳定,反应灵敏,十分大气,十分流畅,外型帅气,倍感舒适,做工一流,简单方便,质量上乘,毫无坏点,方便快捷,
2022,08,29,Monday,11:08,华硕（ASUS） 天选2 15.6英寸游戏笔记本电脑IPS电竞屏吃鸡商务办公轻薄学生手提新款 魔幻青 i5-11400H RTX3050Ti 配置一  16G内存 512G固态,6299.00,华硕硕金专卖店,华硕（ASUS）,10037811663934,华硕（ASUS）天选2,5.0kg,,,15.0-15.9英寸,144Hz,20.0mm以上,,,,华硕-天选,游戏笔记本,Windows 10 不带Office,RTX 3050Ti,高性能游戏独立显卡,NVIDIA,intel i5,16GB,512GB,无机械硬盘,,,,FX506,2.23,长359.8mm；宽256mm；高22.8mm,i5-11400H,第十一代i5处理器,,六核,12线程,4.5GHz,2.7GHz,4GB,GDDR6,128bit,3200MHz,DDR4,1920*1080,15.6英寸,IPS,宽屏16：9,HDMI接口,耳机、麦克风二合一接口 3.5mm,180W AC适配器,48Wh,"2-5小时, 具体时间视使用环境而定",0.99,0.008,0.002,1000,3,3,十分大气,反应灵敏,流畅度佳,艳丽饱满,运行超快,十分酷炫,质量上乘,倍感舒适,方便快捷,外观酷炫,简单方便,
2022,08,29,Monday,11:08,联想笔记本电脑小新Air14Plus 2022 高性能游戏轻薄本(8核标压R7-6800HS 16G 512G 2.2K护眼屏)灰 商务办公,4999.00,联想京东自营旗舰店,联想（Lenovo）,100023188513,联想小新Air14Plus,2.04kg,中国大陆,100%sRGB,14.0-14.9英寸,60Hz,15.1-18.0mm,,,,联想-小新Air,轻薄笔记本,Windows 11,集成显卡,,AMD,AMD R7,16GB,512GB,无机械硬盘,,,,小新Air14Plus,约1.4,长312.2mm；宽221mm；高15.9mm,R7-6800HS,AMD R7,AMD集成显卡,八核,16线程,,,,无,无,,,2240*1400,14英寸,广视角,宽屏16：10,Type-C；HDMI接口,耳机、麦克风二合一接口 3.5mm,,56.5Wh,">8小时, 具体时间视使用环境而定",0.95,0.016,0.034,1200,20,40,轻薄精巧,反应灵敏,运行超快,方便快捷,小巧玲珑,十分大气,散热超快,十分流畅,超长续航,质量上乘,功能齐全,
2022,08,29,Monday,11:08,机械革命（MECHREVO） 蛟龙5 满血3060游戏本 高刷新办公游戏笔记本电脑 R7-5800H/16G/512G【电竞主流】 3060-6G独显直连/130W满血功耗,7199.00,机械革命栋雄专卖店,机械革命（MECHREVO）,10033759986905,机械革命（MECHREVO）蛟龙系列,4.0kg,,100%sRGB,15.0-15.9英寸,240Hz,18.1-20.0mm,银色,金属,,机械革命蛟龙,高端游戏笔记本,Windows 11 不带Office,RTX 3060,发烧级游戏光线追踪显卡,NVIDIA,AMD R7,16GB,512GB,无机械硬盘,5-7小时,,,蛟龙5-76s4,1.96,长360.2mm；宽243.5mm；高23.6mm,R7-5800H,AMD R7,AMD集成显卡,八核,16线程,4.6GHz,3.2GHz,6GB,GDDR6,192bit,3200MHz,DDR4,1920*1080,15.6英寸,LED,宽屏16：9,HDMI接口,1 x 麦克风接口; 1 x 音频接口,180W AC适配器,46.74Wh,"2-5小时, 具体时间视使用环境而定",0.98,0.012,0.008,200,2,2,十分大气,流畅度佳,网速极佳,简约时尚,精致美观,运行稳定,倍感舒适,,,,,
2022,08,29,Monday,11:08,七彩虹（Colorful） 将星X15大屏版X17 17.3英寸高色域电竞游戏笔记本电脑 14核i7-12700H+RTX3050Ti独显 16G+512GPCIe固态/标配,6899.00,七彩虹游戏本旗舰店,七彩虹（Colorful）,10058357229507,七彩虹（Colorful） 将星X15大屏版X17 17.3英寸高色域电竞游戏笔记本电脑 14核i7-12700H+RTX3050Ti独显 16G+512GPCIe固态/标配,1.0kg,,72%NTSC,17.3英寸,144Hz,20.0mm以上,蓝色,复合材质,,七彩虹-将星系列,游戏笔记本,Windows 11 不带Office,RTX 3050Ti,发烧级游戏光线追踪显卡,NVIDIA,intel i7,16GB,512GB,无机械硬盘,5-7小时,,,将星X17,2.1,长359.5mm；宽238mm；高25mm,i7-12700H,第12代酷睿i7处理器,Intel集成显卡,14核,20线程,4.7GHz,2.3GHz,4GB,GDDR5,,3200MHz,DDR4,1920*1080,17.3英寸,IPS,宽屏16：9,MINI DP接口；HDMI接口,1 x 麦克风接口; 1 x 音频接口,100-240V自适应交流电源适配器,54Wh,"2-5小时, 具体时间视使用环境而定",1.0,0.0,0.0,3,0,0,屏幕超大,效果惊艳,清晰流畅,,,,,,,,,
2022,08,29,Monday,11:08,华硕天选3 12代英特尔酷睿i5 15.6英寸游戏本笔记本电脑(i5-12500H 16G 512G RTX3050 144Hz高色域)灰,6799.00,华硕京东自营官方旗舰店,华硕（ASUS）,100018336729,华硕天选3,3.8kg,中国大陆,100%sRGB,15.0-15.9英寸,144Hz,20.0mm以上,灰色,,,华硕-天选,游戏笔记本,Windows 11,RTX 3050,发烧级游戏光线追踪显卡,NVIDIA,intel i5,16GB,512GB,无机械硬盘,,,,天选3,约2.2,长354mm；宽251mm；高22.4mm,i5-12500H,第12代酷睿i5处理器,,十二核,16线程,4.5GHz,2.5GHz,4GB,GDDR6,128bit,4800Mhz,DDR5,1920*1080,15.6英寸,IPS,宽屏16：9,HDMI接口,,,56Wh,,0.96,0.013,0.027,2000,20,40,反应灵敏,十分大气,流畅度佳,时尚大气,运行超快,通透清晰,质量上乘,简单方便,功能齐全,倍感舒适,方便快捷,
2022,08,29,Monday,11:09,联想（Lenovo） 拯救者R9000P 16英寸锐龙R7八核游戏笔记本电脑 高色域电竞屏游戏本 R7-5800H八核丨RTX3060-6G 标配：16G内存+512固态 16英寸 钛晶灰,8799.00,联想航电授权专卖店,联想（Lenovo）,10028605373307,联想（Lenovo）R9000P2021Hxxxxxx,2.3kg,中国大陆,100%sRGB,16.0-16.9英寸,165Hz,20.0mm以上,黑色,金属+复合材质,,联想 - 拯救者,高端游戏笔记本,Windows 11 带Office,RTX 3060,发烧级游戏光线追踪显卡,NVIDIA,AMD R7,16GB,512GB,无机械硬盘,9小时以上,,,Lenovo Legion R9000P 2021,2.5,长360mm；宽264mm；高25.85mm,R7-5800H,AMD R7,,八核,16线程,4.4GHz,3.2GHz,6GB,GDDR6,192bit,3200MHz,DDR4,2560*1600,16英寸,IPS,宽屏16：10,Type-C；HDMI接口,耳机、麦克风二合一接口 3.5mm,,80Wh,">8小时, 具体时间视使用环境而定",0.96,0.014,0.026,500,8,10,流畅度佳,十分流畅,质量上乘,倍感舒适,尺寸合适,做工一流,时尚大气,效果惊艳,手感舒适,散热超快,,
2022,08,29,Monday,11:09,雷神（ThundeRobot） 911MT暗杀星4[3060可选]酷睿i7-12700H游戏笔记本 i7/16G/512G/RTX3050Ti,7199.00,Thunderobot雷神旗舰店,雷神（ThundeRobot）,10043908693343,雷神（ThundeRobot）911MT黑武士,3.7kg,,72%NTSC,15.0-15.9英寸,144Hz,20.0mm以上,,金属+复合材质,,雷神911,高端游戏笔记本,Windows 11 不带Office,RTX 3050Ti,高性能游戏独立显卡,NVIDIA,intel i7,16GB,512GB,无机械硬盘,,,,911MT,2.5,长361mm；宽241mm；高25mm,i7-12700H,第12代酷睿i7处理器,,14核,20线程,4.7GHz,2.3GHz,4GB,GDDR6,128bit,3200MHz,DDR4,1920*1080,15.6英寸,IPS,宽屏16：9,MINI DP接口；HDMI接口,耳机、麦克风二合一接口 3.5mm,100-240V自适应交流电源适配器,41Wh,,0.99,0.0,0.01,300,0,1,运行稳定,反应灵敏,十分大气,十分酷炫,十分流畅,简洁大方,外观酷炫,倍感舒适,方便快捷,质量上乘,触感一流,
2022,08,29,Monday,11:09,联想拯救者Y9000X 英特尔酷睿i5 16英寸游戏笔记本电脑(12代 i5-12500H 16G 512G RTX3060 2.5k 165Hz高色域),8899.00,联想京东自营旗舰店,联想（Lenovo）,100023113081,联想拯救者Y9000X,4.09kg,中国大陆,100%sRGB,16.0-16.9英寸,165Hz,20.0mm以上,,,,联想 - 拯救者,高端游戏笔记本,Windows 11,RTX 3060,高性能游戏独立显卡,NVIDIA,intel i5,16GB,512GB,无机械硬盘,,,,拯救者Y9000X,约2.18,长358mm；宽260mm；高16.9mm,i5-12500H,第12代酷睿i5处理器,,十二核,16线程,,,,,,,,2560*1600,16英寸,IPS,宽屏16：10,Thunderbolt（雷电）,,,99.99WhWh,,0.93,0.039,0.031,700,20,20,十分大气,运行安静,屏幕够大,反应灵敏,质感一流,运行超快,方便快捷,流畅度佳,质量上乘,结实耐用,画质无暇,
2022,08,29,Monday,11:09,宏碁（acer） 【新12代】宏基暗影骑士·擎Pro2022龙掠夺者战斧300游戏本传奇X笔记本电脑 i5-12500H/3050Ti/4G/165HZ 精英版 16G 512G固态 官方标配,7199.00,宏碁蓝星专卖店,宏碁（acer）,10031148121609,宏碁（acer）暗影骑士擎,2.5kg,,100%sRGB,15.0-15.9英寸,165Hz,20.0mm以上,黑色,复合材质,,宏碁-暗影骑士,高端游戏笔记本,Windows 11,RTX 3050Ti,高性能游戏独立显卡,NVIDIA,intel i5,16GB,512GB,无机械硬盘,小于5小时,,,AN515,2.2,长360mm；宽271mm；高27mm,i5-12500H,第12代酷睿i5处理器,Intel集成显卡,十二核,16线程,4.5GHz,2.5GHz,4GB,GDDR6,128bit,3200MHz,DDR4,1920*1080,15.6英寸,IPS,宽屏16：9,HDMI接口；Thunderbolt（雷电）,耳机、麦克风二合一接口 3.5mm,100-240V自适应交流电源适配器,57Wh,"2-5小时, 具体时间视使用环境而定",0.99,0.008,0.002,400,3,1,运行速快,流畅度佳,外型酷炫,简洁大方,倍感舒适,质量上乘,方便快捷,美观大方,柔软顺滑,简单方便,反应灵敏,
2022,08,29,Monday,11:09,联想（Lenovo） 拯救者Y9000P 2022电竞游戏本学生设计笔记本电脑酷睿i7-12700H 标配：16G内存+512G固态 RTX3060-6G独显 2.5K+165Hz屏,10199.00,联想航电授权专卖店,联想（Lenovo）,10045862099760,联想（Lenovo） 拯救者Y9000P 2022电竞游戏本学生设计笔记本电脑酷睿i7-12700H 标配,4.65kg,,100%sRGB,16.0-16.9英寸,165Hz,20.0mm以上,灰色,金属+复合材质,,联想 - 拯救者,高端游戏笔记本,Windows 11 带Office,RTX 3060,发烧级游戏光线追踪显卡,NVIDIA,intel i7,16GB,512GB,无机械硬盘,7-9小时,,,拯救者Y9000P,2.53,长359.9mm；宽264mm；高26mm,i7-12700H,第12代酷睿i7处理器,,14核,20线程,4.7GHz,2.3GHz,6GB,GDDR6,192bit,4800Mhz,DDR5,2560*1600,16.6英寸,IPS,宽屏16：10,Thunderbolt（雷电）；Type-C；HDMI接口,耳机、麦克风二合一接口 3.5mm,,80Wh,"5-8小时, 具体时间视使用环境而定",1.0,0.0,0.0,100,0,0,十分大气,运行速快,简洁大方,功能齐全,质量上乘,方便快捷,游戏性能强,尺寸合适,语音方便,十分流畅,运行超快,
2022,08,29,Monday,11:09,机械革命 蛟龙5 笔记本电脑 2022款全新锐龙AMD高端满血3060支持独显直连电竞游戏本旗舰店 R5-5600H/16G/512G【性价比之选】 【满血RTX3060独显直连】15.6英寸电竞屏,6599.00,机械革命旗舰店,机械革命（MECHREVO）,10029968572153,机械革命（MECHREVO）蛟龙5,1.96kg,,45%NTSC,15.0-15.9英寸,144Hz,20.0mm以上,银色,金属+复合材质,,机械革命蛟龙,高端游戏笔记本,Windows 11 不带Office,RTX 3060,高性能游戏独立显卡,NVIDIA,AMD R5,16GB,512GB,无机械硬盘,小于5小时,,,机械革命蛟龙5,1.96,长360.2mm；宽243.5mm；高23mm,R5-5600H,AMD R5,AMD集成显卡,六核,12线程,4.2GHz,3.3GHz,6GB,GDDR6,192bit,3200MHz,DDR4,1920*1080,15.6英寸,IPS,宽屏16：9,Type-C；HDMI接口,1 x 麦克风接口; 1 x 音频接口,180W AC适配器,46.74Wh,"2-5小时, 具体时间视使用环境而定",1.0,0.0,0.0,500,0,0,运行速快,流畅度佳,十分大气,外型酷炫,倍感舒适,简单方便,灯光酷炫,尺寸合适,柔软顺滑,反应灵敏,质量上乘,
2022,08,29,Monday,11:09,外星人ALIENWARE m17 R5 17.3英寸高端游戏本 R9-6900HX 32G 1T RX6850M XT 4K 120Hz 轻薄笔记本电脑1388AB,22969.00,外星人京东自营旗舰店,外星人（Alienware）,100032500523,外星人ALWM17-R1388AB,5.85kg,中国大陆,,17.3英寸,120Hz,20.0mm以上,,,,戴尔-外星人,高端游戏笔记本,Windows 11,RX 6850M XT,高性能游戏独立显卡,AMD,AMD R9,32GB,1TB,无机械硬盘,,,,Alienware m17 R5 AMD,3.3,,R9-6900HX,AMD R9,,八核,16线程,4.7GHz,,12GB,GDDR6,,4800Mhz,DDR5,3840*2160,17.3英寸,WVA,宽屏16：9,HDMI接口,,,97Wh,,1.0,0.0,0.0,4,0,0,,,,,,,,,,,,
2022,08,29,Monday,11:09,联想（Lenovo） 拯救者R9000P 2022 16英锐龙R7游戏独显笔记本电脑 标配R7-5800H/16G/512G/3060 2.5k/165Hz高刷/100%sRGB,8689.00,联想授权旗舰店,联想（Lenovo）,10033270931592,联想（Lenovo）拯救者R9000P,4.35kg,,100%sRGB,16.0-16.9英寸,165Hz,,,,,联想 - 拯救者,高端游戏笔记本,Windows 11 带Office,RTX 3060,发烧级游戏光线追踪显卡,NVIDIA,AMD R7,16GB,512GB,无机械硬盘,,,,拯救者R9000P,2.4,长360mm；宽264mm；高21.7mm,R7-5800H,AMD R7,,八核,16线程,4.4GHz,3.2GHz,6GB,GDDR6,256bit,3200MHz,DDR4,2560*1600,16英寸,IPS,宽屏16：10,HDMI接口,耳机、麦克风二合一接口 3.5mm,,80Wh,,0.97,0.017,0.013,900,10,10,运行稳定,十分大气,反应灵敏,时尚大气,流畅度佳,做工一流,倍感舒适,质量上乘,简单方便,操作性强,操作方便,
2022,08,29,Monday,11:09,联想笔记本电脑 拯救者R9000P 16英寸高性能电竞游戏本(标压 8核 R7-5800H 16G 512G RTX3070 2.5k 165Hz),9999.00,联想京东自营旗舰店,联想（Lenovo）,100019736906,联想拯救者R9000P,4.7kg,中国大陆,100%sRGB,16.0-16.9英寸,165Hz,20.0mm以上,灰色,金属+复合材质,,联想 - 拯救者,游戏笔记本,Windows 11,RTX 3070,高性能游戏独立显卡,NVIDIA,AMD R7,16GB,512GB,无机械硬盘,,,,拯救者R9000P,约2.58,长360mm；宽264mm；高26.85mm,R7-5800H,AMD R7,AMD集成显卡,八核,16线程,4.4GHz,3.2GHz,无,GDDR6,无,3200MHz,DDR4,2560*1600,16英寸,IPS,宽屏16：10,HDMI接口,,,80Wh,,0.95,0.018,0.032,12000,200,400,运行速快,反应灵敏,散热超快,十分大气,流畅度佳,简洁大方,质量上乘,做工一流,倍感舒适,手感一流,简单方便,
2022,08,29,Monday,11:09,联想威6 2022款新11代酷睿i7高性能轻薄本 15.6英寸全面屏设计办公游戏本学生手提笔记本电脑 全新 i7-1165G7 16G内存 512G固态  MX450独显 100%高色域 背光键盘 精,6999.00,联想福本专卖店,联想,10059075374614,联想联想威6,1.7kg,,100%sRGB,15.0-15.9英寸,60Hz,15.1-18.0mm,银色,金属,背光键盘，指纹识别，大内存（16GB及以上）,联想-威6,高端轻薄笔记本,Windows 11 带Office,MX450,,NVIDIA,intel i7,16GB,512GB,无机械硬盘,,,,联想威6,1.6,长357mm；宽235mm；高17.9mm,i7-1165G7,第十一代智能英特尔酷睿i7处理器,Intel集成显卡,四核,8线程,4.7GHz,2.8GHz,2GB,GDDR6,64bit,3200MHz,DDR4,1920*1080,15.6英寸,IPS,宽屏16：9,Type-C；Thunderbolt（雷电）；HDMI接口,耳机、麦克风二合一接口 3.5mm,65W AC适配器,60Wh,"5-8小时, 具体时间视使用环境而定",1.0,0.0,0.0,0,0,0,,,,,,,,,,,,
2022,08,29,Monday,11:09,华硕天选3 锐龙版15.6英寸游戏本笔记本电脑(R7-6800H 16G 512G RTX3070 2.5K 165Hz100%DCI-P3高分高色域)青,9499.00,华硕京东自营官方旗舰店,华硕（ASUS）,100018538361,华硕天选3,4.48kg,中国大陆,DCI-P3,15.0-15.9英寸,165Hz,20.0mm以上,灰色,金属+复合材质,,华硕-天选,游戏笔记本,Windows 11,RTX 3070,发烧级游戏光线追踪显卡,NVIDIA,AMD R7,16GB,512GB,无机械硬盘,,,,天选3,约2.2kg,长354.9mm；宽251.9mm；高22.45mm,,AMD R7,,八核,16线程,4.7GHz,3.2GHz,8GB,GDDR6,256bit,4800Mhz,DDR5,2560*1440,15.6英寸,IPS,宽屏16：9,HDMI接口,,,90Wh,,0.92,0.047,0.033,300,10,10,轻松便捷,流畅度佳,颜值颇高,游戏性能强,美观大方,网速极佳,音效超棒,颜色逼真,灵活敏捷,,,
2022,08,29,Monday,11:09,微星(MSI)强袭GE66 15.6英寸游戏本笔记本电脑独显直连(英特尔酷睿i7 16G 1T RTX3080 2.5K 165Hz)P3屏,10999.00,微星游戏本京东自营官方旗舰店,微星（MSI）,100015462475,微星强袭GE66 15.6英寸i7-11800H 16G 1T RTX3080,4.7kg,中国大陆,DCI-P3,15.0-15.9英寸,165Hz,20.0mm以上,,,,微星-强袭 GE系列,高端游戏笔记本,Windows 10 不带Office,RTX 3080,发烧级游戏光线追踪显卡,NVIDIA,intel i7,16GB,1TB,无机械硬盘,,,,GE66 Raider 11UH-485CN,2.38,长358mm；宽267mm；高23.4mm,i7-11800H,第十一代i7处理器,,八核,16线程,4.6GHz,2.3GHz,8GB,GDDR6,256bit,,,2560*1440,15.6英寸,IPS,宽屏16：9,Thunderbolt（雷电）；HDMI接口；MINI DP接口,,,99.9WhrWh,,0.93,0.045,0.025,100,4,3,十分大气,十分流畅,运行快速,流畅度佳,超长续航,运行超快,低调奢华,外观酷炫,方便快捷,电压稳定,灯光炫酷,
2022,08,29,Monday,11:09,惠普(HP)暗影精灵8Plus 17.3英寸游戏笔记本电脑(12代酷睿i7 RTX 3070 Ti 8G显存 16GDDR5 512GSSD 144Hz),10499.00,惠普（HP）OMEN暗影精灵京东自营旗舰店,惠普（HP）,100032391416,惠普17-ck1001TX,5.11kg,中国大陆,,17.3英寸,144Hz,20.0mm以上,,,,惠普-暗影精灵,游戏笔记本,Windows 11,RTX 3070Ti,高性能游戏独立显卡,NVIDIA,intel i7,16GB,512GB,无机械硬盘,,,,17-ck1001TX,2.8kg,长397.19mm；宽262.07mm；高27mm,i7-12700H,第12代酷睿i7处理器,,14核,20线程,4.7GHz,2.3GHz,8GB,GDDR6,256bit,,,1920*1080,17.3英寸,IPS,宽屏16：9,MINI DP接口；Type-C；HDMI接口,,,83Wh,,0.96,0.016,0.024,1500,20,30,运行稳定,十分大气,反应灵敏,运行速快,简洁大方,手感一流,做工一流,质量上乘,倍感舒适,运行安静,方便快捷,
2022,08,29,Monday,11:09,惠普(HP)暗影精灵8Pro 16.1英寸游戏本电脑(12代酷睿i5-12500H RTX3050 4G独显 16G 512GSSD),6499.00,惠普（HP）OMEN暗影精灵京东自营旗舰店,惠普（HP）,100025610731,惠普16-k0000TX,3.9kg,中国大陆,100%sRGB,16.0-16.9英寸,60Hz,20.0mm以上,,金属+复合材质,,惠普-暗影精灵,游戏笔记本,Windows 11,RTX 3050,高性能游戏独立显卡,NVIDIA,intel i5,16GB,512GB,无机械硬盘,,,,16-k0000TX,2.4kg,长369mm；宽248mm；高22.5mm,i5-12500H,第12代酷睿i5处理器,,十二核,16线程,4.5GHz,2.5GHz,4GB,GDDR6,128bit,4800Mhz,,1920*1080,16.1英寸,IPS,宽屏16：9,Type-C；HDMI接口,,200W AC适配器,83Wh,,0.92,0.044,0.036,200,10,9,十分大气,运行超快,简单方便,稳定可靠,反应灵敏,流畅度佳,简单大方,质量上乘,功能强大,色彩出众,画质无暇,
2022,08,29,Monday,11:09,微星（MSI） 武士游戏本 电竞本 30光追显卡笔记本电脑 144Hz 16G内存/512G固态 武士66/i5-11400H/RTX3050Ti,5999.00,微星电脑京东自营旗舰店,微星（MSI）,10033300847888,微星（MSI）微星系列,3.8kg,,,15.0-15.9英寸,144Hz,其他,,,,微星-侠客 GF系列,游戏笔记本,Windows 10 不带Office,RTX 3050Ti,高性能游戏独立显卡,NVIDIA,intel i5,16GB,512GB,无机械硬盘,,,,武士66,2.3,长359mm；宽259mm；高24.9mm,i5-11400H,第十一代i5处理器,Intel集成显卡,六核,12线程,4.5GHz,2.7GHz,4GB,GDDR6,128bit,3200MHz,DDR4,1920*1080,15.6英寸,IPS,宽屏16：9,HDMI接口,,,53.5Wh,,0.98,0.0,0.02,300,0,4,流畅度佳,十分大气,外型酷炫,质量上乘,网速极佳,倍感舒适,十分结实,运行稳定,简单方便,外观酷炫,手感舒适,
2022,08,29,Monday,11:09,华硕天选3 12代英特尔酷睿i7 15.6英寸游戏本笔记本电脑(i7-12700H 16G 512G RTX3050 144Hz高色域)灰,7699.00,华硕京东自营官方旗舰店,华硕（ASUS）,100032644660,华硕天选3,3.79kg,中国大陆,100%sRGB,15.0-15.9英寸,144Hz,20.0mm以上,,,,华硕-天选,游戏笔记本,Windows 11,RTX 3050,发烧级游戏光线追踪显卡,NVIDIA,intel i7,16GB,512GB,无机械硬盘,,,,天选3,约2.23,长354mm；宽251mm；高22.4mm,i7-12700H,第12代酷睿i7处理器,Intel集成显卡,14核,20线程,4.7GHz,2.3GHz,4GB,GDDR6,128bit,4800Mhz,DDR5,1920*1080,15.6英寸,IPS,宽屏16：9,HDMI接口,,200W AC适配器,56Wh,"2-5小时, 具体时间视使用环境而定",0.93,0.016,0.054,400,7,20,反应灵敏,运行超快,流畅度佳,十分大气,简单大方,尺寸合适,玩游戏必备,灵敏度佳,倍感舒适,简单方便,,
2022,08,29,Monday,11:09,七彩虹（Colorful） 将星X15-XS 12代酷睿15.6英寸电竞游戏笔记本电脑轻薄学生上网本 i7-12700H/3050Ti/电竞高色域 16G/512GPCIe固态/官方标配,6399.00,七彩虹游戏本旗舰店,七彩虹（Colorful）,10046335916618,七彩虹（Colorful） 将星X15-XS 12代酷睿15.6英寸电竞游戏笔记本电脑轻薄学生上网本 i7-12700H/3050Ti/电竞高色域 16G/512GPCIe固态/官方标配,2.5kg,,72%NTSC,15.0-15.9英寸,144Hz,20.0mm以上,蓝色,金属+复合材质,,七彩虹-将星系列,游戏笔记本,Windows 11 不带Office,RTX 3050Ti,发烧级游戏光线追踪显卡,NVIDIA,intel i7,16GB,512GB,无机械硬盘,5-7小时,,,X15 XS 22,1.9,长359.5mm；宽238mm；高22.7mm,i7-12700H,第12代酷睿i7处理器,Intel集成显卡,14核,20线程,4.7GHz,2.3GHz,4GB,GDDR6,128bit,3200MHz,DDR4,1920*1080,15.6英寸,IPS,宽屏16：9,HDMI接口,1 x 麦克风接口; 1 x 音频接口,100-240V自适应交流电源适配器,54Wh,"2-5小时, 具体时间视使用环境而定",0.99,0.006,0.004,400,2,2,反应灵敏,时尚大气,十分流畅,运行超快,做工一流,方便快捷,质量上乘,精致美观,功能简单,风力十足,操作简单,
